Suggestion_1_1.py,Suggestion_1_10.py,0.0383
Suggestion_1_1.py,Suggestion_1_2.py,0.3852
Suggestion_1_1.py,Suggestion_1_3.py,0.1171
Suggestion_1_1.py,Suggestion_1_4.py,0.1897
Suggestion_1_1.py,Suggestion_1_5.py,0.1357
Suggestion_1_1.py,Suggestion_1_6.py,0.3731
Suggestion_1_1.py,Suggestion_1_7.py,0.3852
Suggestion_1_1.py,Suggestion_1_8.py,0.2372
Suggestion_1_1.py,Suggestion_1_9.py,0.03
Suggestion_1_1.py,Suggestion_2_1.py,0.7704
Suggestion_1_1.py,Suggestion_2_10.py,0
Suggestion_1_1.py,Suggestion_2_2.py,0.4654
Suggestion_1_1.py,Suggestion_2_3.py,0.1624
Suggestion_1_1.py,Suggestion_2_4.py,0.0579
Suggestion_1_1.py,Suggestion_2_5.py,0.1406
Suggestion_1_1.py,Suggestion_2_6.py,0.0433
Suggestion_1_1.py,Suggestion_2_7.py,0.7024
Suggestion_1_1.py,Suggestion_2_8.py,0.1723
Suggestion_1_1.py,Suggestion_2_9.py,0.031
Suggestion_1_1.py,Suggestion_3_1.py,0.0532
Suggestion_1_1.py,Suggestion_3_10.py,0
Suggestion_1_1.py,Suggestion_3_2.py,0.045
Suggestion_1_1.py,Suggestion_3_3.py,0.7704
Suggestion_1_1.py,Suggestion_3_4.py,0.3852
Suggestion_1_1.py,Suggestion_3_5.py,0.06
Suggestion_1_1.py,Suggestion_3_6.py,0.0579
Suggestion_1_1.py,Suggestion_3_7.py,0.0237
Suggestion_1_1.py,Suggestion_3_8.py,0.0664
Suggestion_1_1.py,Suggestion_3_9.py,0
Suggestion_1_1.py,Suggestion_4_1.py,0.2976
Suggestion_1_1.py,Suggestion_4_10.py,0.1973
Suggestion_1_1.py,Suggestion_4_2.py,0.7704
Suggestion_1_1.py,Suggestion_4_3.py,0.7704
Suggestion_1_1.py,Suggestion_4_4.py,0.3852
Suggestion_1_1.py,Suggestion_4_5.py,0.0614
Suggestion_1_1.py,Suggestion_4_6.py,0.1728
Suggestion_1_1.py,Suggestion_4_7.py,0.0943
Suggestion_1_1.py,Suggestion_4_8.py,0.1974
Suggestion_1_1.py,Suggestion_4_9.py,0.1332
Suggestion_1_1.py,Suggestion_5_1.py,0.189
Suggestion_1_1.py,Suggestion_5_10.py,0.0445
Suggestion_1_1.py,Suggestion_5_2.py,0.3852
Suggestion_1_1.py,Suggestion_5_3.py,0.4984
Suggestion_1_1.py,Suggestion_5_4.py,0.3852
Suggestion_1_1.py,Suggestion_5_5.py,0.1067
Suggestion_1_1.py,Suggestion_5_6.py,0.06
Suggestion_1_1.py,Suggestion_5_7.py,0.0394
Suggestion_1_1.py,Suggestion_5_8.py,0.2815
Suggestion_1_1.py,Suggestion_5_9.py,0.1231
Suggestion_1_1.py,Suggestion_6_1.py,0.3852
Suggestion_1_1.py,Suggestion_6_2.py,0.0631
Suggestion_1_1.py,Suggestion_6_3.py,0.334
Suggestion_1_1.py,Suggestion_6_4.py,0.1724
Suggestion_1_1.py,Suggestion_6_5.py,0.1671
Suggestion_1_1.py,Suggestion_6_6.py,0.1289
Suggestion_1_1.py,Suggestion_6_7.py,0.7024
Suggestion_1_1.py,Suggestion_6_8.py,0
Suggestion_1_1.py,Suggestion_6_9.py,0
Suggestion_1_10.py,Suggestion_1_2.py,0.0772
Suggestion_1_10.py,Suggestion_1_3.py,0.083
Suggestion_1_10.py,Suggestion_1_4.py,0.0742
Suggestion_1_10.py,Suggestion_1_5.py,0.1197
Suggestion_1_10.py,Suggestion_1_6.py,0.252
Suggestion_1_10.py,Suggestion_1_7.py,0.0772
Suggestion_1_10.py,Suggestion_1_8.py,0.0546
Suggestion_1_10.py,Suggestion_1_9.py,0.4163
Suggestion_1_10.py,Suggestion_2_1.py,0.042
Suggestion_1_10.py,Suggestion_2_10.py,0
Suggestion_1_10.py,Suggestion_2_2.py,0.0433
Suggestion_1_10.py,Suggestion_2_3.py,0.0459
Suggestion_1_10.py,Suggestion_2_4.py,0.1346
Suggestion_1_10.py,Suggestion_2_5.py,0.0765
Suggestion_1_10.py,Suggestion_2_6.py,0.4496
Suggestion_1_10.py,Suggestion_2_7.py,0.0716
Suggestion_1_10.py,Suggestion_2_8.py,0.1048
Suggestion_1_10.py,Suggestion_2_9.py,0.1195
Suggestion_1_10.py,Suggestion_3_1.py,0.0698
Suggestion_1_10.py,Suggestion_3_10.py,0
Suggestion_1_10.py,Suggestion_3_2.py,0.1509
Suggestion_1_10.py,Suggestion_3_3.py,0.042
Suggestion_1_10.py,Suggestion_3_4.py,0.0772
Suggestion_1_10.py,Suggestion_3_5.py,0.1746
Suggestion_1_10.py,Suggestion_3_6.py,0.0815
Suggestion_1_10.py,Suggestion_3_7.py,0.14
Suggestion_1_10.py,Suggestion_3_8.py,0.0883
Suggestion_1_10.py,Suggestion_3_9.py,0
Suggestion_1_10.py,Suggestion_4_1.py,0.0269
Suggestion_1_10.py,Suggestion_4_10.py,0.0713
Suggestion_1_10.py,Suggestion_4_2.py,0.042
Suggestion_1_10.py,Suggestion_4_3.py,0.042
Suggestion_1_10.py,Suggestion_4_4.py,0.0772
Suggestion_1_10.py,Suggestion_4_5.py,0.1349
Suggestion_1_10.py,Suggestion_4_6.py,0.0607
Suggestion_1_10.py,Suggestion_4_7.py,0.068
Suggestion_1_10.py,Suggestion_4_8.py,0.1725
Suggestion_1_10.py,Suggestion_4_9.py,0.1681
Suggestion_1_10.py,Suggestion_5_1.py,0.0668
Suggestion_1_10.py,Suggestion_5_10.py,0.3435
Suggestion_1_10.py,Suggestion_5_2.py,0.0772
Suggestion_1_10.py,Suggestion_5_3.py,0.0617
Suggestion_1_10.py,Suggestion_5_4.py,0.0772
Suggestion_1_10.py,Suggestion_5_5.py,0.1051
Suggestion_1_10.py,Suggestion_5_6.py,0.1746
Suggestion_1_10.py,Suggestion_5_7.py,0.1361
Suggestion_1_10.py,Suggestion_5_8.py,0.04
Suggestion_1_10.py,Suggestion_5_9.py,0.0599
Suggestion_1_10.py,Suggestion_6_1.py,0.0772
Suggestion_1_10.py,Suggestion_6_2.py,0.0653
Suggestion_1_10.py,Suggestion_6_3.py,0.068
Suggestion_1_10.py,Suggestion_6_4.py,0.0511
Suggestion_1_10.py,Suggestion_6_5.py,0.1369
Suggestion_1_10.py,Suggestion_6_6.py,0.2101
Suggestion_1_10.py,Suggestion_6_7.py,0.0716
Suggestion_1_10.py,Suggestion_6_8.py,0
Suggestion_1_10.py,Suggestion_6_9.py,0
Suggestion_1_2.py,Suggestion_1_3.py,0.0367
Suggestion_1_2.py,Suggestion_1_4.py,0.0638
Suggestion_1_2.py,Suggestion_1_5.py,0.0434
Suggestion_1_2.py,Suggestion_1_6.py,0.1793
Suggestion_1_2.py,Suggestion_1_7.py,1
Suggestion_1_2.py,Suggestion_1_8.py,0.0838
Suggestion_1_2.py,Suggestion_1_9.py,0.0581
Suggestion_1_2.py,Suggestion_2_1.py,0.4567
Suggestion_1_2.py,Suggestion_2_10.py,0
Suggestion_1_2.py,Suggestion_2_2.py,0.3033
Suggestion_1_2.py,Suggestion_2_3.py,0.1691
Suggestion_1_2.py,Suggestion_2_4.py,0.1218
Suggestion_1_2.py,Suggestion_2_5.py,0.0607
Suggestion_1_2.py,Suggestion_2_6.py,0.0897
Suggestion_1_2.py,Suggestion_2_7.py,0.4068
Suggestion_1_2.py,Suggestion_2_8.py,0.4
Suggestion_1_2.py,Suggestion_2_9.py,0.0603
Suggestion_1_2.py,Suggestion_3_1.py,0.1102
Suggestion_1_2.py,Suggestion_3_10.py,0
Suggestion_1_2.py,Suggestion_3_2.py,0.0995
Suggestion_1_2.py,Suggestion_3_3.py,0.4567
Suggestion_1_2.py,Suggestion_3_4.py,1
Suggestion_1_2.py,Suggestion_3_5.py,0.127
Suggestion_1_2.py,Suggestion_3_6.py,0.0226
Suggestion_1_2.py,Suggestion_3_7.py,0.0445
Suggestion_1_2.py,Suggestion_3_8.py,0.0602
Suggestion_1_2.py,Suggestion_3_9.py,0
Suggestion_1_2.py,Suggestion_4_1.py,0.1413
Suggestion_1_2.py,Suggestion_4_10.py,0.1612
Suggestion_1_2.py,Suggestion_4_2.py,0.4567
Suggestion_1_2.py,Suggestion_4_3.py,0.4567
Suggestion_1_2.py,Suggestion_4_4.py,1
Suggestion_1_2.py,Suggestion_4_5.py,0.1283
Suggestion_1_2.py,Suggestion_4_6.py,0.0572
Suggestion_1_2.py,Suggestion_4_7.py,0.0538
Suggestion_1_2.py,Suggestion_4_8.py,0.067
Suggestion_1_2.py,Suggestion_4_9.py,0.057
Suggestion_1_2.py,Suggestion_5_1.py,0.4327
Suggestion_1_2.py,Suggestion_5_10.py,0.0926
Suggestion_1_2.py,Suggestion_5_2.py,1
Suggestion_1_2.py,Suggestion_5_3.py,0.3239
Suggestion_1_2.py,Suggestion_5_4.py,1
Suggestion_1_2.py,Suggestion_5_5.py,0.222
Suggestion_1_2.py,Suggestion_5_6.py,0.127
Suggestion_1_2.py,Suggestion_5_7.py,0.0799
Suggestion_1_2.py,Suggestion_5_8.py,0.2609
Suggestion_1_2.py,Suggestion_5_9.py,0.2662
Suggestion_1_2.py,Suggestion_6_1.py,1
Suggestion_1_2.py,Suggestion_6_2.py,0.0277
Suggestion_1_2.py,Suggestion_6_3.py,0.3825
Suggestion_1_2.py,Suggestion_6_4.py,0.1884
Suggestion_1_2.py,Suggestion_6_5.py,0.385
Suggestion_1_2.py,Suggestion_6_6.py,0.0409
Suggestion_1_2.py,Suggestion_6_7.py,0.4068
Suggestion_1_2.py,Suggestion_6_8.py,0
Suggestion_1_2.py,Suggestion_6_9.py,0
Suggestion_1_3.py,Suggestion_1_4.py,0.2747
Suggestion_1_3.py,Suggestion_1_5.py,0.417
Suggestion_1_3.py,Suggestion_1_6.py,0.1876
Suggestion_1_3.py,Suggestion_1_7.py,0.0367
Suggestion_1_3.py,Suggestion_1_8.py,0.2461
Suggestion_1_3.py,Suggestion_1_9.py,0.0726
Suggestion_1_3.py,Suggestion_2_1.py,0.1611
Suggestion_1_3.py,Suggestion_2_10.py,0
Suggestion_1_3.py,Suggestion_2_2.py,0.088
Suggestion_1_3.py,Suggestion_2_3.py,0.0569
Suggestion_1_3.py,Suggestion_2_4.py,0.0497
Suggestion_1_3.py,Suggestion_2_5.py,0.1022
Suggestion_1_3.py,Suggestion_2_6.py,0.0556
Suggestion_1_3.py,Suggestion_2_7.py,0.135
Suggestion_1_3.py,Suggestion_2_8.py,0.0188
Suggestion_1_3.py,Suggestion_2_9.py,0.152
Suggestion_1_3.py,Suggestion_3_1.py,0.1087
Suggestion_1_3.py,Suggestion_3_10.py,0
Suggestion_1_3.py,Suggestion_3_2.py,0.0971
Suggestion_1_3.py,Suggestion_3_3.py,0.1611
Suggestion_1_3.py,Suggestion_3_4.py,0.0367
Suggestion_1_3.py,Suggestion_3_5.py,0.0705
Suggestion_1_3.py,Suggestion_3_6.py,0.1305
Suggestion_1_3.py,Suggestion_3_7.py,0.1306
Suggestion_1_3.py,Suggestion_3_8.py,0.0764
Suggestion_1_3.py,Suggestion_3_9.py,0
Suggestion_1_3.py,Suggestion_4_1.py,0.1822
Suggestion_1_3.py,Suggestion_4_10.py,0.0812
Suggestion_1_3.py,Suggestion_4_2.py,0.1611
Suggestion_1_3.py,Suggestion_4_3.py,0.1611
Suggestion_1_3.py,Suggestion_4_4.py,0.0367
Suggestion_1_3.py,Suggestion_4_5.py,0.0715
Suggestion_1_3.py,Suggestion_4_6.py,0.2485
Suggestion_1_3.py,Suggestion_4_7.py,0.2064
Suggestion_1_3.py,Suggestion_4_8.py,0.1955
Suggestion_1_3.py,Suggestion_4_9.py,0.0881
Suggestion_1_3.py,Suggestion_5_1.py,0.0752
Suggestion_1_3.py,Suggestion_5_10.py,0.0333
Suggestion_1_3.py,Suggestion_5_2.py,0.0367
Suggestion_1_3.py,Suggestion_5_3.py,0.0835
Suggestion_1_3.py,Suggestion_5_4.py,0.0367
Suggestion_1_3.py,Suggestion_5_5.py,0.0992
Suggestion_1_3.py,Suggestion_5_6.py,0.0705
Suggestion_1_3.py,Suggestion_5_7.py,0.0775
Suggestion_1_3.py,Suggestion_5_8.py,0.0976
Suggestion_1_3.py,Suggestion_5_9.py,0.0181
Suggestion_1_3.py,Suggestion_6_1.py,0.0367
Suggestion_1_3.py,Suggestion_6_2.py,0.2941
Suggestion_1_3.py,Suggestion_6_3.py,0.0705
Suggestion_1_3.py,Suggestion_6_4.py,0.0814
Suggestion_1_3.py,Suggestion_6_5.py,0.061
Suggestion_1_3.py,Suggestion_6_6.py,0.1771
Suggestion_1_3.py,Suggestion_6_7.py,0.135
Suggestion_1_3.py,Suggestion_6_8.py,0
Suggestion_1_3.py,Suggestion_6_9.py,0
Suggestion_1_4.py,Suggestion_1_5.py,0.268
Suggestion_1_4.py,Suggestion_1_6.py,0.2474
Suggestion_1_4.py,Suggestion_1_7.py,0.0638
Suggestion_1_4.py,Suggestion_1_8.py,0.387
Suggestion_1_4.py,Suggestion_1_9.py,0.0612
Suggestion_1_4.py,Suggestion_2_1.py,0.2705
Suggestion_1_4.py,Suggestion_2_10.py,0
Suggestion_1_4.py,Suggestion_2_2.py,0.1496
Suggestion_1_4.py,Suggestion_2_3.py,0.0836
Suggestion_1_4.py,Suggestion_2_4.py,0.0285
Suggestion_1_4.py,Suggestion_2_5.py,0.2124
Suggestion_1_4.py,Suggestion_2_6.py,0.068
Suggestion_1_4.py,Suggestion_2_7.py,0.2262
Suggestion_1_4.py,Suggestion_2_8.py,0.0867
Suggestion_1_4.py,Suggestion_2_9.py,0.1232
Suggestion_1_4.py,Suggestion_3_1.py,0.0715
Suggestion_1_4.py,Suggestion_3_10.py,0
Suggestion_1_4.py,Suggestion_3_2.py,0.0727
Suggestion_1_4.py,Suggestion_3_3.py,0.2705
Suggestion_1_4.py,Suggestion_3_4.py,0.0638
Suggestion_1_4.py,Suggestion_3_5.py,0.0464
Suggestion_1_4.py,Suggestion_3_6.py,0.1179
Suggestion_1_4.py,Suggestion_3_7.py,0.0734
Suggestion_1_4.py,Suggestion_3_8.py,0.0684
Suggestion_1_4.py,Suggestion_3_9.py,0
Suggestion_1_4.py,Suggestion_4_1.py,0.2338
Suggestion_1_4.py,Suggestion_4_10.py,0.1146
Suggestion_1_4.py,Suggestion_4_2.py,0.2705
Suggestion_1_4.py,Suggestion_4_3.py,0.2705
Suggestion_1_4.py,Suggestion_4_4.py,0.0638
Suggestion_1_4.py,Suggestion_4_5.py,0.0604
Suggestion_1_4.py,Suggestion_4_6.py,0.6617
Suggestion_1_4.py,Suggestion_4_7.py,0.0717
Suggestion_1_4.py,Suggestion_4_8.py,0.2642
Suggestion_1_4.py,Suggestion_4_9.py,0.0888
Suggestion_1_4.py,Suggestion_5_1.py,0.0729
Suggestion_1_4.py,Suggestion_5_10.py,0.0476
Suggestion_1_4.py,Suggestion_5_2.py,0.0638
Suggestion_1_4.py,Suggestion_5_3.py,0.1181
Suggestion_1_4.py,Suggestion_5_4.py,0.0638
Suggestion_1_4.py,Suggestion_5_5.py,0.0661
Suggestion_1_4.py,Suggestion_5_6.py,0.0464
Suggestion_1_4.py,Suggestion_5_7.py,0.111
Suggestion_1_4.py,Suggestion_5_8.py,0.1608
Suggestion_1_4.py,Suggestion_5_9.py,0.0362
Suggestion_1_4.py,Suggestion_6_1.py,0.0638
Suggestion_1_4.py,Suggestion_6_2.py,0.1382
Suggestion_1_4.py,Suggestion_6_3.py,0.1007
Suggestion_1_4.py,Suggestion_6_4.py,0.1251
Suggestion_1_4.py,Suggestion_6_5.py,0.0648
Suggestion_1_4.py,Suggestion_6_6.py,0.181
Suggestion_1_4.py,Suggestion_6_7.py,0.2262
Suggestion_1_4.py,Suggestion_6_8.py,0
Suggestion_1_4.py,Suggestion_6_9.py,0
Suggestion_1_5.py,Suggestion_1_6.py,0.2517
Suggestion_1_5.py,Suggestion_1_7.py,0.0434
Suggestion_1_5.py,Suggestion_1_8.py,0.2831
Suggestion_1_5.py,Suggestion_1_9.py,0.103
Suggestion_1_5.py,Suggestion_2_1.py,0.1885
Suggestion_1_5.py,Suggestion_2_10.py,0
Suggestion_1_5.py,Suggestion_2_2.py,0.1032
Suggestion_1_5.py,Suggestion_2_3.py,0.0646
Suggestion_1_5.py,Suggestion_2_4.py,0.0563
Suggestion_1_5.py,Suggestion_2_5.py,0.1154
Suggestion_1_5.py,Suggestion_2_6.py,0.0506
Suggestion_1_5.py,Suggestion_2_7.py,0.1578
Suggestion_1_5.py,Suggestion_2_8.py,0.0216
Suggestion_1_5.py,Suggestion_2_9.py,0.218
Suggestion_1_5.py,Suggestion_3_1.py,0.0908
Suggestion_1_5.py,Suggestion_3_10.py,0
Suggestion_1_5.py,Suggestion_3_2.py,0.1802
Suggestion_1_5.py,Suggestion_3_3.py,0.1885
Suggestion_1_5.py,Suggestion_3_4.py,0.0434
Suggestion_1_5.py,Suggestion_3_5.py,0.0705
Suggestion_1_5.py,Suggestion_3_6.py,0.1263
Suggestion_1_5.py,Suggestion_3_7.py,0.0951
Suggestion_1_5.py,Suggestion_3_8.py,0.0863
Suggestion_1_5.py,Suggestion_3_9.py,0
Suggestion_1_5.py,Suggestion_4_1.py,0.1744
Suggestion_1_5.py,Suggestion_4_10.py,0.0933
Suggestion_1_5.py,Suggestion_4_2.py,0.1885
Suggestion_1_5.py,Suggestion_4_3.py,0.1885
Suggestion_1_5.py,Suggestion_4_4.py,0.0434
Suggestion_1_5.py,Suggestion_4_5.py,0.0812
Suggestion_1_5.py,Suggestion_4_6.py,0.2746
Suggestion_1_5.py,Suggestion_4_7.py,0.094
Suggestion_1_5.py,Suggestion_4_8.py,0.1921
Suggestion_1_5.py,Suggestion_4_9.py,0.1041
Suggestion_1_5.py,Suggestion_5_1.py,0.0598
Suggestion_1_5.py,Suggestion_5_10.py,0.0352
Suggestion_1_5.py,Suggestion_5_2.py,0.0434
Suggestion_1_5.py,Suggestion_5_3.py,0.0958
Suggestion_1_5.py,Suggestion_5_4.py,0.0434
Suggestion_1_5.py,Suggestion_5_5.py,0.1562
Suggestion_1_5.py,Suggestion_5_6.py,0.0705
Suggestion_1_5.py,Suggestion_5_7.py,0.084
Suggestion_1_5.py,Suggestion_5_8.py,0.1136
Suggestion_1_5.py,Suggestion_5_9.py,0.0205
Suggestion_1_5.py,Suggestion_6_1.py,0.0434
Suggestion_1_5.py,Suggestion_6_2.py,0.2418
Suggestion_1_5.py,Suggestion_6_3.py,0.0817
Suggestion_1_5.py,Suggestion_6_4.py,0.0931
Suggestion_1_5.py,Suggestion_6_5.py,0.0434
Suggestion_1_5.py,Suggestion_6_6.py,0.2515
Suggestion_1_5.py,Suggestion_6_7.py,0.1578
Suggestion_1_5.py,Suggestion_6_8.py,0
Suggestion_1_5.py,Suggestion_6_9.py,0
Suggestion_1_6.py,Suggestion_1_7.py,0.1793
Suggestion_1_6.py,Suggestion_1_8.py,0.2617
Suggestion_1_6.py,Suggestion_1_9.py,0.2038
Suggestion_1_6.py,Suggestion_2_1.py,0.4867
Suggestion_1_6.py,Suggestion_2_10.py,0
Suggestion_1_6.py,Suggestion_2_2.py,0.3543
Suggestion_1_6.py,Suggestion_2_3.py,0.1361
Suggestion_1_6.py,Suggestion_2_4.py,0.0998
Suggestion_1_6.py,Suggestion_2_5.py,0.1515
Suggestion_1_6.py,Suggestion_2_6.py,0.067
Suggestion_1_6.py,Suggestion_2_7.py,0.4342
Suggestion_1_6.py,Suggestion_2_8.py,0.0995
Suggestion_1_6.py,Suggestion_2_9.py,0.0453
Suggestion_1_6.py,Suggestion_3_1.py,0.0713
Suggestion_1_6.py,Suggestion_3_10.py,0
Suggestion_1_6.py,Suggestion_3_2.py,0.1552
Suggestion_1_6.py,Suggestion_3_3.py,0.4867
Suggestion_1_6.py,Suggestion_3_4.py,0.1793
Suggestion_1_6.py,Suggestion_3_5.py,0.1029
Suggestion_1_6.py,Suggestion_3_6.py,0.1175
Suggestion_1_6.py,Suggestion_3_7.py,0.0573
Suggestion_1_6.py,Suggestion_3_8.py,0.1092
Suggestion_1_6.py,Suggestion_3_9.py,0
Suggestion_1_6.py,Suggestion_4_1.py,0.2531
Suggestion_1_6.py,Suggestion_4_10.py,0.2186
Suggestion_1_6.py,Suggestion_4_2.py,0.4867
Suggestion_1_6.py,Suggestion_4_3.py,0.4867
Suggestion_1_6.py,Suggestion_4_4.py,0.1793
Suggestion_1_6.py,Suggestion_4_5.py,0.1084
Suggestion_1_6.py,Suggestion_4_6.py,0.2193
Suggestion_1_6.py,Suggestion_4_7.py,0.1219
Suggestion_1_6.py,Suggestion_4_8.py,0.2321
Suggestion_1_6.py,Suggestion_4_9.py,0.2473
Suggestion_1_6.py,Suggestion_5_1.py,0.1276
Suggestion_1_6.py,Suggestion_5_10.py,0.0373
Suggestion_1_6.py,Suggestion_5_2.py,0.1793
Suggestion_1_6.py,Suggestion_5_3.py,0.2011
Suggestion_1_6.py,Suggestion_5_4.py,0.1793
Suggestion_1_6.py,Suggestion_5_5.py,0.1443
Suggestion_1_6.py,Suggestion_5_6.py,0.1029
Suggestion_1_6.py,Suggestion_5_7.py,0.0417
Suggestion_1_6.py,Suggestion_5_8.py,0.268
Suggestion_1_6.py,Suggestion_5_9.py,0.0928
Suggestion_1_6.py,Suggestion_6_1.py,0.1793
Suggestion_1_6.py,Suggestion_6_2.py,0.0982
Suggestion_1_6.py,Suggestion_6_3.py,0.1908
Suggestion_1_6.py,Suggestion_6_4.py,0.1447
Suggestion_1_6.py,Suggestion_6_5.py,0.1351
Suggestion_1_6.py,Suggestion_6_6.py,0.2472
Suggestion_1_6.py,Suggestion_6_7.py,0.4342
Suggestion_1_6.py,Suggestion_6_8.py,0
Suggestion_1_6.py,Suggestion_6_9.py,0
Suggestion_1_7.py,Suggestion_1_8.py,0.0838
Suggestion_1_7.py,Suggestion_1_9.py,0.0581
Suggestion_1_7.py,Suggestion_2_1.py,0.4567
Suggestion_1_7.py,Suggestion_2_10.py,0
Suggestion_1_7.py,Suggestion_2_2.py,0.3033
Suggestion_1_7.py,Suggestion_2_3.py,0.1691
Suggestion_1_7.py,Suggestion_2_4.py,0.1218
Suggestion_1_7.py,Suggestion_2_5.py,0.0607
Suggestion_1_7.py,Suggestion_2_6.py,0.0897
Suggestion_1_7.py,Suggestion_2_7.py,0.4068
Suggestion_1_7.py,Suggestion_2_8.py,0.4
Suggestion_1_7.py,Suggestion_2_9.py,0.0603
Suggestion_1_7.py,Suggestion_3_1.py,0.1102
Suggestion_1_7.py,Suggestion_3_10.py,0
Suggestion_1_7.py,Suggestion_3_2.py,0.0995
Suggestion_1_7.py,Suggestion_3_3.py,0.4567
Suggestion_1_7.py,Suggestion_3_4.py,1
Suggestion_1_7.py,Suggestion_3_5.py,0.127
Suggestion_1_7.py,Suggestion_3_6.py,0.0226
Suggestion_1_7.py,Suggestion_3_7.py,0.0445
Suggestion_1_7.py,Suggestion_3_8.py,0.0602
Suggestion_1_7.py,Suggestion_3_9.py,0
Suggestion_1_7.py,Suggestion_4_1.py,0.1413
Suggestion_1_7.py,Suggestion_4_10.py,0.1612
Suggestion_1_7.py,Suggestion_4_2.py,0.4567
Suggestion_1_7.py,Suggestion_4_3.py,0.4567
Suggestion_1_7.py,Suggestion_4_4.py,1
Suggestion_1_7.py,Suggestion_4_5.py,0.1283
Suggestion_1_7.py,Suggestion_4_6.py,0.0572
Suggestion_1_7.py,Suggestion_4_7.py,0.0538
Suggestion_1_7.py,Suggestion_4_8.py,0.067
Suggestion_1_7.py,Suggestion_4_9.py,0.057
Suggestion_1_7.py,Suggestion_5_1.py,0.4327
Suggestion_1_7.py,Suggestion_5_10.py,0.0926
Suggestion_1_7.py,Suggestion_5_2.py,1
Suggestion_1_7.py,Suggestion_5_3.py,0.3239
Suggestion_1_7.py,Suggestion_5_4.py,1
Suggestion_1_7.py,Suggestion_5_5.py,0.222
Suggestion_1_7.py,Suggestion_5_6.py,0.127
Suggestion_1_7.py,Suggestion_5_7.py,0.0799
Suggestion_1_7.py,Suggestion_5_8.py,0.2609
Suggestion_1_7.py,Suggestion_5_9.py,0.2662
Suggestion_1_7.py,Suggestion_6_1.py,1
Suggestion_1_7.py,Suggestion_6_2.py,0.0277
Suggestion_1_7.py,Suggestion_6_3.py,0.3825
Suggestion_1_7.py,Suggestion_6_4.py,0.1884
Suggestion_1_7.py,Suggestion_6_5.py,0.385
Suggestion_1_7.py,Suggestion_6_6.py,0.0409
Suggestion_1_7.py,Suggestion_6_7.py,0.4068
Suggestion_1_7.py,Suggestion_6_8.py,0
Suggestion_1_7.py,Suggestion_6_9.py,0
Suggestion_1_8.py,Suggestion_1_9.py,0.0435
Suggestion_1_8.py,Suggestion_2_1.py,0.3466
Suggestion_1_8.py,Suggestion_2_10.py,0
Suggestion_1_8.py,Suggestion_2_2.py,0.1934
Suggestion_1_8.py,Suggestion_2_3.py,0.1149
Suggestion_1_8.py,Suggestion_2_4.py,0.0358
Suggestion_1_8.py,Suggestion_2_5.py,0.1172
Suggestion_1_8.py,Suggestion_2_6.py,0.0824
Suggestion_1_8.py,Suggestion_2_7.py,0.2894
Suggestion_1_8.py,Suggestion_2_8.py,0.0386
Suggestion_1_8.py,Suggestion_2_9.py,0.1077
Suggestion_1_8.py,Suggestion_3_1.py,0.0704
Suggestion_1_8.py,Suggestion_3_10.py,0
Suggestion_1_8.py,Suggestion_3_2.py,0.0631
Suggestion_1_8.py,Suggestion_3_3.py,0.3466
Suggestion_1_8.py,Suggestion_3_4.py,0.0838
Suggestion_1_8.py,Suggestion_3_5.py,0.0574
Suggestion_1_8.py,Suggestion_3_6.py,0.1218
Suggestion_1_8.py,Suggestion_3_7.py,0.0822
Suggestion_1_8.py,Suggestion_3_8.py,0.0824
Suggestion_1_8.py,Suggestion_3_9.py,0
Suggestion_1_8.py,Suggestion_4_1.py,0.1981
Suggestion_1_8.py,Suggestion_4_10.py,0.1423
Suggestion_1_8.py,Suggestion_4_2.py,0.3466
Suggestion_1_8.py,Suggestion_4_3.py,0.3466
Suggestion_1_8.py,Suggestion_4_4.py,0.0838
Suggestion_1_8.py,Suggestion_4_5.py,0.0741
Suggestion_1_8.py,Suggestion_4_6.py,0.355
Suggestion_1_8.py,Suggestion_4_7.py,0.0805
Suggestion_1_8.py,Suggestion_4_8.py,0.2978
Suggestion_1_8.py,Suggestion_4_9.py,0.1001
Suggestion_1_8.py,Suggestion_5_1.py,0.0837
Suggestion_1_8.py,Suggestion_5_10.py,0.0578
Suggestion_1_8.py,Suggestion_5_2.py,0.0838
Suggestion_1_8.py,Suggestion_5_3.py,0.1443
Suggestion_1_8.py,Suggestion_5_4.py,0.0838
Suggestion_1_8.py,Suggestion_5_5.py,0.0492
Suggestion_1_8.py,Suggestion_5_6.py,0.0574
Suggestion_1_8.py,Suggestion_5_7.py,0.1324
Suggestion_1_8.py,Suggestion_5_8.py,0.2034
Suggestion_1_8.py,Suggestion_5_9.py,0.0324
Suggestion_1_8.py,Suggestion_6_1.py,0.0838
Suggestion_1_8.py,Suggestion_6_2.py,0.1396
Suggestion_1_8.py,Suggestion_6_3.py,0.1258
Suggestion_1_8.py,Suggestion_6_4.py,0.2554
Suggestion_1_8.py,Suggestion_6_5.py,0.0619
Suggestion_1_8.py,Suggestion_6_6.py,0.1871
Suggestion_1_8.py,Suggestion_6_7.py,0.2894
Suggestion_1_8.py,Suggestion_6_8.py,0
Suggestion_1_8.py,Suggestion_6_9.py,0
Suggestion_1_9.py,Suggestion_2_1.py,0.0322
Suggestion_1_9.py,Suggestion_2_10.py,0
Suggestion_1_9.py,Suggestion_2_2.py,0.033
Suggestion_1_9.py,Suggestion_2_3.py,0.0376
Suggestion_1_9.py,Suggestion_2_4.py,0.1109
Suggestion_1_9.py,Suggestion_2_5.py,0.0663
Suggestion_1_9.py,Suggestion_2_6.py,0.2942
Suggestion_1_9.py,Suggestion_2_7.py,0.055
Suggestion_1_9.py,Suggestion_2_8.py,0.0837
Suggestion_1_9.py,Suggestion_2_9.py,0.101
Suggestion_1_9.py,Suggestion_3_1.py,0.0582
Suggestion_1_9.py,Suggestion_3_10.py,0
Suggestion_1_9.py,Suggestion_3_2.py,0.1325
Suggestion_1_9.py,Suggestion_3_3.py,0.0322
Suggestion_1_9.py,Suggestion_3_4.py,0.0581
Suggestion_1_9.py,Suggestion_3_5.py,0.1091
Suggestion_1_9.py,Suggestion_3_6.py,0.0794
Suggestion_1_9.py,Suggestion_3_7.py,0.118
Suggestion_1_9.py,Suggestion_3_8.py,0.0733
Suggestion_1_9.py,Suggestion_3_9.py,0
Suggestion_1_9.py,Suggestion_4_1.py,0.0229
Suggestion_1_9.py,Suggestion_4_10.py,0.0572
Suggestion_1_9.py,Suggestion_4_2.py,0.0322
Suggestion_1_9.py,Suggestion_4_3.py,0.0322
Suggestion_1_9.py,Suggestion_4_4.py,0.0581
Suggestion_1_9.py,Suggestion_4_5.py,0.1105
Suggestion_1_9.py,Suggestion_4_6.py,0.0507
Suggestion_1_9.py,Suggestion_4_7.py,0.0592
Suggestion_1_9.py,Suggestion_4_8.py,0.1414
Suggestion_1_9.py,Suggestion_4_9.py,0.1404
Suggestion_1_9.py,Suggestion_5_1.py,0.0538
Suggestion_1_9.py,Suggestion_5_10.py,0.2063
Suggestion_1_9.py,Suggestion_5_2.py,0.0581
Suggestion_1_9.py,Suggestion_5_3.py,0.0494
Suggestion_1_9.py,Suggestion_5_4.py,0.0581
Suggestion_1_9.py,Suggestion_5_5.py,0.0912
Suggestion_1_9.py,Suggestion_5_6.py,0.1091
Suggestion_1_9.py,Suggestion_5_7.py,0.1129
Suggestion_1_9.py,Suggestion_5_8.py,0.0311
Suggestion_1_9.py,Suggestion_5_9.py,0.049
Suggestion_1_9.py,Suggestion_6_1.py,0.0581
Suggestion_1_9.py,Suggestion_6_2.py,0.0586
Suggestion_1_9.py,Suggestion_6_3.py,0.0534
Suggestion_1_9.py,Suggestion_6_4.py,0.0413
Suggestion_1_9.py,Suggestion_6_5.py,0.1099
Suggestion_1_9.py,Suggestion_6_6.py,0.1645
Suggestion_1_9.py,Suggestion_6_7.py,0.055
Suggestion_1_9.py,Suggestion_6_8.py,0
Suggestion_1_9.py,Suggestion_6_9.py,0
Suggestion_2_1.py,Suggestion_2_10.py,0
Suggestion_2_1.py,Suggestion_2_2.py,0.5443
Suggestion_2_1.py,Suggestion_2_3.py,0.1788
Suggestion_2_1.py,Suggestion_2_4.py,0.0634
Suggestion_2_1.py,Suggestion_2_5.py,0.1535
Suggestion_2_1.py,Suggestion_2_6.py,0.0482
Suggestion_2_1.py,Suggestion_2_7.py,0.9191
Suggestion_2_1.py,Suggestion_2_8.py,0.1931
Suggestion_2_1.py,Suggestion_2_9.py,0.0334
Suggestion_2_1.py,Suggestion_3_1.py,0.0578
Suggestion_2_1.py,Suggestion_3_10.py,0
Suggestion_2_1.py,Suggestion_3_2.py,0.0485
Suggestion_2_1.py,Suggestion_3_3.py,1
Suggestion_2_1.py,Suggestion_3_4.py,0.4567
Suggestion_2_1.py,Suggestion_3_5.py,0.0659
Suggestion_2_1.py,Suggestion_3_6.py,0.0599
Suggestion_2_1.py,Suggestion_3_7.py,0.0251
Suggestion_2_1.py,Suggestion_3_8.py,0.0724
Suggestion_2_1.py,Suggestion_3_9.py,0
Suggestion_2_1.py,Suggestion_4_1.py,0.3663
Suggestion_2_1.py,Suggestion_4_10.py,0.2739
Suggestion_2_1.py,Suggestion_4_2.py,1
Suggestion_2_1.py,Suggestion_4_3.py,1
Suggestion_2_1.py,Suggestion_4_4.py,0.4567
Suggestion_2_1.py,Suggestion_4_5.py,0.0676
Suggestion_2_1.py,Suggestion_4_6.py,0.2444
Suggestion_2_1.py,Suggestion_4_7.py,0.0999
Suggestion_2_1.py,Suggestion_4_8.py,0.2826
Suggestion_2_1.py,Suggestion_4_9.py,0.1446
Suggestion_2_1.py,Suggestion_5_1.py,0.2106
Suggestion_2_1.py,Suggestion_5_10.py,0.0496
Suggestion_2_1.py,Suggestion_5_2.py,0.4567
Suggestion_2_1.py,Suggestion_5_3.py,0.3676
Suggestion_2_1.py,Suggestion_5_4.py,0.4567
Suggestion_2_1.py,Suggestion_5_5.py,0.1132
Suggestion_2_1.py,Suggestion_5_6.py,0.0659
Suggestion_2_1.py,Suggestion_5_7.py,0.0434
Suggestion_2_1.py,Suggestion_5_8.py,0.3905
Suggestion_2_1.py,Suggestion_5_9.py,0.1355
Suggestion_2_1.py,Suggestion_6_1.py,0.4567
Suggestion_2_1.py,Suggestion_6_2.py,0.0658
Suggestion_2_1.py,Suggestion_6_3.py,0.3799
Suggestion_2_1.py,Suggestion_6_4.py,0.1916
Suggestion_2_1.py,Suggestion_6_5.py,0.1865
Suggestion_2_1.py,Suggestion_6_6.py,0.1784
Suggestion_2_1.py,Suggestion_6_7.py,0.9191
Suggestion_2_1.py,Suggestion_6_8.py,0
Suggestion_2_1.py,Suggestion_6_9.py,0
Suggestion_2_10.py,Suggestion_2_2.py,0
Suggestion_2_10.py,Suggestion_2_3.py,0
Suggestion_2_10.py,Suggestion_2_4.py,0
Suggestion_2_10.py,Suggestion_2_5.py,0
Suggestion_2_10.py,Suggestion_2_6.py,0
Suggestion_2_10.py,Suggestion_2_7.py,0
Suggestion_2_10.py,Suggestion_2_8.py,0
Suggestion_2_10.py,Suggestion_2_9.py,0
Suggestion_2_10.py,Suggestion_3_1.py,0
Suggestion_2_10.py,Suggestion_3_10.py,0
Suggestion_2_10.py,Suggestion_3_2.py,0
Suggestion_2_10.py,Suggestion_3_3.py,0
Suggestion_2_10.py,Suggestion_3_4.py,0
Suggestion_2_10.py,Suggestion_3_5.py,0
Suggestion_2_10.py,Suggestion_3_6.py,0
Suggestion_2_10.py,Suggestion_3_7.py,0
Suggestion_2_10.py,Suggestion_3_8.py,0
Suggestion_2_10.py,Suggestion_3_9.py,0
Suggestion_2_10.py,Suggestion_4_1.py,0
Suggestion_2_10.py,Suggestion_4_10.py,0
Suggestion_2_10.py,Suggestion_4_2.py,0
Suggestion_2_10.py,Suggestion_4_3.py,0
Suggestion_2_10.py,Suggestion_4_4.py,0
Suggestion_2_10.py,Suggestion_4_5.py,0
Suggestion_2_10.py,Suggestion_4_6.py,0
Suggestion_2_10.py,Suggestion_4_7.py,0
Suggestion_2_10.py,Suggestion_4_8.py,0
Suggestion_2_10.py,Suggestion_4_9.py,0
Suggestion_2_10.py,Suggestion_5_1.py,0
Suggestion_2_10.py,Suggestion_5_10.py,0
Suggestion_2_10.py,Suggestion_5_2.py,0
Suggestion_2_10.py,Suggestion_5_3.py,0
Suggestion_2_10.py,Suggestion_5_4.py,0
Suggestion_2_10.py,Suggestion_5_5.py,0
Suggestion_2_10.py,Suggestion_5_6.py,0
Suggestion_2_10.py,Suggestion_5_7.py,0
Suggestion_2_10.py,Suggestion_5_8.py,0
Suggestion_2_10.py,Suggestion_5_9.py,0
Suggestion_2_10.py,Suggestion_6_1.py,0
Suggestion_2_10.py,Suggestion_6_2.py,0
Suggestion_2_10.py,Suggestion_6_3.py,0
Suggestion_2_10.py,Suggestion_6_4.py,0
Suggestion_2_10.py,Suggestion_6_5.py,0
Suggestion_2_10.py,Suggestion_6_6.py,0
Suggestion_2_10.py,Suggestion_6_7.py,0
Suggestion_2_10.py,Suggestion_6_8.py,0
Suggestion_2_10.py,Suggestion_6_9.py,0
Suggestion_2_2.py,Suggestion_2_3.py,0.3139
Suggestion_2_2.py,Suggestion_2_4.py,0.0604
Suggestion_2_2.py,Suggestion_2_5.py,0.1426
Suggestion_2_2.py,Suggestion_2_6.py,0.0499
Suggestion_2_2.py,Suggestion_2_7.py,0.4634
Suggestion_2_2.py,Suggestion_2_8.py,0.139
Suggestion_2_2.py,Suggestion_2_9.py,0.0342
Suggestion_2_2.py,Suggestion_3_1.py,0.0549
Suggestion_2_2.py,Suggestion_3_10.py,0
Suggestion_2_2.py,Suggestion_3_2.py,0.0498
Suggestion_2_2.py,Suggestion_3_3.py,0.5443
Suggestion_2_2.py,Suggestion_3_4.py,0.3033
Suggestion_2_2.py,Suggestion_3_5.py,0.0628
Suggestion_2_2.py,Suggestion_3_6.py,0.0547
Suggestion_2_2.py,Suggestion_3_7.py,0.0255
Suggestion_2_2.py,Suggestion_3_8.py,0.1663
Suggestion_2_2.py,Suggestion_3_9.py,0
Suggestion_2_2.py,Suggestion_4_1.py,0.2116
Suggestion_2_2.py,Suggestion_4_10.py,0.1738
Suggestion_2_2.py,Suggestion_4_2.py,0.5443
Suggestion_2_2.py,Suggestion_4_3.py,0.5443
Suggestion_2_2.py,Suggestion_4_4.py,0.3033
Suggestion_2_2.py,Suggestion_4_5.py,0.0698
Suggestion_2_2.py,Suggestion_4_6.py,0.1347
Suggestion_2_2.py,Suggestion_4_7.py,0.0987
Suggestion_2_2.py,Suggestion_4_8.py,0.1565
Suggestion_2_2.py,Suggestion_4_9.py,0.1342
Suggestion_2_2.py,Suggestion_5_1.py,0.1602
Suggestion_2_2.py,Suggestion_5_10.py,0.0515
Suggestion_2_2.py,Suggestion_5_2.py,0.3033
Suggestion_2_2.py,Suggestion_5_3.py,0.2125
Suggestion_2_2.py,Suggestion_5_4.py,0.3033
Suggestion_2_2.py,Suggestion_5_5.py,0.0847
Suggestion_2_2.py,Suggestion_5_6.py,0.0628
Suggestion_2_2.py,Suggestion_5_7.py,0.0448
Suggestion_2_2.py,Suggestion_5_8.py,0.4708
Suggestion_2_2.py,Suggestion_5_9.py,0.0833
Suggestion_2_2.py,Suggestion_6_1.py,0.3033
Suggestion_2_2.py,Suggestion_6_2.py,0.0667
Suggestion_2_2.py,Suggestion_6_3.py,0.2482
Suggestion_2_2.py,Suggestion_6_4.py,0.3476
Suggestion_2_2.py,Suggestion_6_5.py,0.1341
Suggestion_2_2.py,Suggestion_6_6.py,0.0976
Suggestion_2_2.py,Suggestion_6_7.py,0.4634
Suggestion_2_2.py,Suggestion_6_8.py,0
Suggestion_2_2.py,Suggestion_6_9.py,0
Suggestion_2_3.py,Suggestion_2_4.py,0.0559
Suggestion_2_3.py,Suggestion_2_5.py,0.0772
Suggestion_2_3.py,Suggestion_2_6.py,0.0506
Suggestion_2_3.py,Suggestion_2_7.py,0.1531
Suggestion_2_3.py,Suggestion_2_8.py,0.0945
Suggestion_2_3.py,Suggestion_2_9.py,0.0491
Suggestion_2_3.py,Suggestion_3_1.py,0.069
Suggestion_2_3.py,Suggestion_3_10.py,0
Suggestion_2_3.py,Suggestion_3_2.py,0.0563
Suggestion_2_3.py,Suggestion_3_3.py,0.1788
Suggestion_2_3.py,Suggestion_3_4.py,0.1691
Suggestion_2_3.py,Suggestion_3_5.py,0.0575
Suggestion_2_3.py,Suggestion_3_6.py,0.0428
Suggestion_2_3.py,Suggestion_3_7.py,0.042
Suggestion_2_3.py,Suggestion_3_8.py,0.156
Suggestion_2_3.py,Suggestion_3_9.py,0
Suggestion_2_3.py,Suggestion_4_1.py,0.1078
Suggestion_2_3.py,Suggestion_4_10.py,0.131
Suggestion_2_3.py,Suggestion_4_2.py,0.1788
Suggestion_2_3.py,Suggestion_4_3.py,0.1788
Suggestion_2_3.py,Suggestion_4_4.py,0.1691
Suggestion_2_3.py,Suggestion_4_5.py,0.0646
Suggestion_2_3.py,Suggestion_4_6.py,0.0889
Suggestion_2_3.py,Suggestion_4_7.py,0.0506
Suggestion_2_3.py,Suggestion_4_8.py,0.0837
Suggestion_2_3.py,Suggestion_4_9.py,0.0672
Suggestion_2_3.py,Suggestion_5_1.py,0.1311
Suggestion_2_3.py,Suggestion_5_10.py,0.0496
Suggestion_2_3.py,Suggestion_5_2.py,0.1691
Suggestion_2_3.py,Suggestion_5_3.py,0.1665
Suggestion_2_3.py,Suggestion_5_4.py,0.1691
Suggestion_2_3.py,Suggestion_5_5.py,0.0715
Suggestion_2_3.py,Suggestion_5_6.py,0.0575
Suggestion_2_3.py,Suggestion_5_7.py,0.1154
Suggestion_2_3.py,Suggestion_5_8.py,0.2998
Suggestion_2_3.py,Suggestion_5_9.py,0.1027
Suggestion_2_3.py,Suggestion_6_1.py,0.1691
Suggestion_2_3.py,Suggestion_6_2.py,0.0488
Suggestion_2_3.py,Suggestion_6_3.py,0.1842
Suggestion_2_3.py,Suggestion_6_4.py,0.2818
Suggestion_2_3.py,Suggestion_6_5.py,0.1131
Suggestion_2_3.py,Suggestion_6_6.py,0.0587
Suggestion_2_3.py,Suggestion_6_7.py,0.1531
Suggestion_2_3.py,Suggestion_6_8.py,0
Suggestion_2_3.py,Suggestion_6_9.py,0
Suggestion_2_4.py,Suggestion_2_5.py,0.0639
Suggestion_2_4.py,Suggestion_2_6.py,0.0976
Suggestion_2_4.py,Suggestion_2_7.py,0.0922
Suggestion_2_4.py,Suggestion_2_8.py,0.1691
Suggestion_2_4.py,Suggestion_2_9.py,0.0975
Suggestion_2_4.py,Suggestion_3_1.py,0.059
Suggestion_2_4.py,Suggestion_3_10.py,0
Suggestion_2_4.py,Suggestion_3_2.py,0.1501
Suggestion_2_4.py,Suggestion_3_3.py,0.0634
Suggestion_2_4.py,Suggestion_3_4.py,0.1218
Suggestion_2_4.py,Suggestion_3_5.py,0.2018
Suggestion_2_4.py,Suggestion_3_6.py,0.0566
Suggestion_2_4.py,Suggestion_3_7.py,0.0912
Suggestion_2_4.py,Suggestion_3_8.py,0.2295
Suggestion_2_4.py,Suggestion_3_9.py,0
Suggestion_2_4.py,Suggestion_4_1.py,0.0578
Suggestion_2_4.py,Suggestion_4_10.py,0.1584
Suggestion_2_4.py,Suggestion_4_2.py,0.0634
Suggestion_2_4.py,Suggestion_4_3.py,0.0634
Suggestion_2_4.py,Suggestion_4_4.py,0.1218
Suggestion_2_4.py,Suggestion_4_5.py,0.298
Suggestion_2_4.py,Suggestion_4_6.py,0.0265
Suggestion_2_4.py,Suggestion_4_7.py,0.0684
Suggestion_2_4.py,Suggestion_4_8.py,0.0294
Suggestion_2_4.py,Suggestion_4_9.py,0.4488
Suggestion_2_4.py,Suggestion_5_1.py,0.0903
Suggestion_2_4.py,Suggestion_5_10.py,0.0995
Suggestion_2_4.py,Suggestion_5_2.py,0.1218
Suggestion_2_4.py,Suggestion_5_3.py,0.0645
Suggestion_2_4.py,Suggestion_5_4.py,0.1218
Suggestion_2_4.py,Suggestion_5_5.py,0.0896
Suggestion_2_4.py,Suggestion_5_6.py,0.2018
Suggestion_2_4.py,Suggestion_5_7.py,0.0749
Suggestion_2_4.py,Suggestion_5_8.py,0.0605
Suggestion_2_4.py,Suggestion_5_9.py,0.1302
Suggestion_2_4.py,Suggestion_6_1.py,0.1218
Suggestion_2_4.py,Suggestion_6_2.py,0.0379
Suggestion_2_4.py,Suggestion_6_3.py,0.071
Suggestion_2_4.py,Suggestion_6_4.py,0.0714
Suggestion_2_4.py,Suggestion_6_5.py,0.1354
Suggestion_2_4.py,Suggestion_6_6.py,0.0539
Suggestion_2_4.py,Suggestion_6_7.py,0.0922
Suggestion_2_4.py,Suggestion_6_8.py,0
Suggestion_2_4.py,Suggestion_6_9.py,0
Suggestion_2_5.py,Suggestion_2_6.py,0.0745
Suggestion_2_5.py,Suggestion_2_7.py,0.2039
Suggestion_2_5.py,Suggestion_2_8.py,0.2699
Suggestion_2_5.py,Suggestion_2_9.py,0.1363
Suggestion_2_5.py,Suggestion_3_1.py,0.0857
Suggestion_2_5.py,Suggestion_3_10.py,0
Suggestion_2_5.py,Suggestion_3_2.py,0.1051
Suggestion_2_5.py,Suggestion_3_3.py,0.1535
Suggestion_2_5.py,Suggestion_3_4.py,0.0607
Suggestion_2_5.py,Suggestion_3_5.py,0.0283
Suggestion_2_5.py,Suggestion_3_6.py,0.0724
Suggestion_2_5.py,Suggestion_3_7.py,0.0489
Suggestion_2_5.py,Suggestion_3_8.py,0.0383
Suggestion_2_5.py,Suggestion_3_9.py,0
Suggestion_2_5.py,Suggestion_4_1.py,0.333
Suggestion_2_5.py,Suggestion_4_10.py,0.0924
Suggestion_2_5.py,Suggestion_4_2.py,0.1535
Suggestion_2_5.py,Suggestion_4_3.py,0.1535
Suggestion_2_5.py,Suggestion_4_4.py,0.0607
Suggestion_2_5.py,Suggestion_4_5.py,0.0326
Suggestion_2_5.py,Suggestion_4_6.py,0.3093
Suggestion_2_5.py,Suggestion_4_7.py,0.1499
Suggestion_2_5.py,Suggestion_4_8.py,0.106
Suggestion_2_5.py,Suggestion_4_9.py,0.1851
Suggestion_2_5.py,Suggestion_5_1.py,0.1924
Suggestion_2_5.py,Suggestion_5_10.py,0.055
Suggestion_2_5.py,Suggestion_5_2.py,0.0607
Suggestion_2_5.py,Suggestion_5_3.py,0.0693
Suggestion_2_5.py,Suggestion_5_4.py,0.0607
Suggestion_2_5.py,Suggestion_5_5.py,0.105
Suggestion_2_5.py,Suggestion_5_6.py,0.0283
Suggestion_2_5.py,Suggestion_5_7.py,0.0821
Suggestion_2_5.py,Suggestion_5_8.py,0.0796
Suggestion_2_5.py,Suggestion_5_9.py,0.0388
Suggestion_2_5.py,Suggestion_6_1.py,0.0607
Suggestion_2_5.py,Suggestion_6_2.py,0.0734
Suggestion_2_5.py,Suggestion_6_3.py,0.1136
Suggestion_2_5.py,Suggestion_6_4.py,0.0713
Suggestion_2_5.py,Suggestion_6_5.py,0.2163
Suggestion_2_5.py,Suggestion_6_6.py,0.1045
Suggestion_2_5.py,Suggestion_6_7.py,0.2039
Suggestion_2_5.py,Suggestion_6_8.py,0
Suggestion_2_5.py,Suggestion_6_9.py,0
Suggestion_2_6.py,Suggestion_2_7.py,0.082
Suggestion_2_6.py,Suggestion_2_8.py,0.1173
Suggestion_2_6.py,Suggestion_2_9.py,0.1296
Suggestion_2_6.py,Suggestion_3_1.py,0.0978
Suggestion_2_6.py,Suggestion_3_10.py,0
Suggestion_2_6.py,Suggestion_3_2.py,0.0656
Suggestion_2_6.py,Suggestion_3_3.py,0.0482
Suggestion_2_6.py,Suggestion_3_4.py,0.0897
Suggestion_2_6.py,Suggestion_3_5.py,0.1106
Suggestion_2_6.py,Suggestion_3_6.py,0.0325
Suggestion_2_6.py,Suggestion_3_7.py,0.1248
Suggestion_2_6.py,Suggestion_3_8.py,0.0447
Suggestion_2_6.py,Suggestion_3_9.py,0
Suggestion_2_6.py,Suggestion_4_1.py,0.0429
Suggestion_2_6.py,Suggestion_4_10.py,0.066
Suggestion_2_6.py,Suggestion_4_2.py,0.0482
Suggestion_2_6.py,Suggestion_4_3.py,0.0482
Suggestion_2_6.py,Suggestion_4_4.py,0.0897
Suggestion_2_6.py,Suggestion_4_5.py,0.0925
Suggestion_2_6.py,Suggestion_4_6.py,0.0627
Suggestion_2_6.py,Suggestion_4_7.py,0.0503
Suggestion_2_6.py,Suggestion_4_8.py,0.2756
Suggestion_2_6.py,Suggestion_4_9.py,0.0836
Suggestion_2_6.py,Suggestion_5_1.py,0.0879
Suggestion_2_6.py,Suggestion_5_10.py,0.4801
Suggestion_2_6.py,Suggestion_5_2.py,0.0897
Suggestion_2_6.py,Suggestion_5_3.py,0.0552
Suggestion_2_6.py,Suggestion_5_4.py,0.0897
Suggestion_2_6.py,Suggestion_5_5.py,0.0639
Suggestion_2_6.py,Suggestion_5_6.py,0.1106
Suggestion_2_6.py,Suggestion_5_7.py,0.1644
Suggestion_2_6.py,Suggestion_5_8.py,0.0456
Suggestion_2_6.py,Suggestion_5_9.py,0.0661
Suggestion_2_6.py,Suggestion_6_1.py,0.0897
Suggestion_2_6.py,Suggestion_6_2.py,0.0576
Suggestion_2_6.py,Suggestion_6_3.py,0.0616
Suggestion_2_6.py,Suggestion_6_4.py,0.0678
Suggestion_2_6.py,Suggestion_6_5.py,0.1732
Suggestion_2_6.py,Suggestion_6_6.py,0.1729
Suggestion_2_6.py,Suggestion_6_7.py,0.082
Suggestion_2_6.py,Suggestion_6_8.py,0
Suggestion_2_6.py,Suggestion_6_9.py,0
Suggestion_2_7.py,Suggestion_2_8.py,0.2286
Suggestion_2_7.py,Suggestion_2_9.py,0.057
Suggestion_2_7.py,Suggestion_3_1.py,0.0363
Suggestion_2_7.py,Suggestion_3_10.py,0
Suggestion_2_7.py,Suggestion_3_2.py,0.029
Suggestion_2_7.py,Suggestion_3_3.py,0.9191
Suggestion_2_7.py,Suggestion_3_4.py,0.4068
Suggestion_2_7.py,Suggestion_3_5.py,0.0414
Suggestion_2_7.py,Suggestion_3_6.py,0.0438
Suggestion_2_7.py,Suggestion_3_7.py,0.0428
Suggestion_2_7.py,Suggestion_3_8.py,0.0499
Suggestion_2_7.py,Suggestion_3_9.py,0
Suggestion_2_7.py,Suggestion_4_1.py,0.3324
Suggestion_2_7.py,Suggestion_4_10.py,0.3082
Suggestion_2_7.py,Suggestion_4_2.py,0.9191
Suggestion_2_7.py,Suggestion_4_3.py,0.9191
Suggestion_2_7.py,Suggestion_4_4.py,0.4068
Suggestion_2_7.py,Suggestion_4_5.py,0.0427
Suggestion_2_7.py,Suggestion_4_6.py,0.2044
Suggestion_2_7.py,Suggestion_4_7.py,0.0728
Suggestion_2_7.py,Suggestion_4_8.py,0.2363
Suggestion_2_7.py,Suggestion_4_9.py,0.1922
Suggestion_2_7.py,Suggestion_5_1.py,0.1813
Suggestion_2_7.py,Suggestion_5_10.py,0.0845
Suggestion_2_7.py,Suggestion_5_2.py,0.4068
Suggestion_2_7.py,Suggestion_5_3.py,0.3362
Suggestion_2_7.py,Suggestion_5_4.py,0.4068
Suggestion_2_7.py,Suggestion_5_5.py,0.0978
Suggestion_2_7.py,Suggestion_5_6.py,0.0414
Suggestion_2_7.py,Suggestion_5_7.py,0.0616
Suggestion_2_7.py,Suggestion_5_8.py,0.351
Suggestion_2_7.py,Suggestion_5_9.py,0.1532
Suggestion_2_7.py,Suggestion_6_1.py,0.4068
Suggestion_2_7.py,Suggestion_6_2.py,0.0461
Suggestion_2_7.py,Suggestion_6_3.py,0.3434
Suggestion_2_7.py,Suggestion_6_4.py,0.1632
Suggestion_2_7.py,Suggestion_6_5.py,0.221
Suggestion_2_7.py,Suggestion_6_6.py,0.1494
Suggestion_2_7.py,Suggestion_6_7.py,1
Suggestion_2_7.py,Suggestion_6_8.py,0
Suggestion_2_7.py,Suggestion_6_9.py,0
Suggestion_2_8.py,Suggestion_2_9.py,0.2164
Suggestion_2_8.py,Suggestion_3_1.py,0.0535
Suggestion_2_8.py,Suggestion_3_10.py,0
Suggestion_2_8.py,Suggestion_3_2.py,0.0754
Suggestion_2_8.py,Suggestion_3_3.py,0.1931
Suggestion_2_8.py,Suggestion_3_4.py,0.4
Suggestion_2_8.py,Suggestion_3_5.py,0.0913
Suggestion_2_8.py,Suggestion_3_6.py,0.0123
Suggestion_2_8.py,Suggestion_3_7.py,0.0671
Suggestion_2_8.py,Suggestion_3_8.py,0.0574
Suggestion_2_8.py,Suggestion_3_9.py,0
Suggestion_2_8.py,Suggestion_4_1.py,0.2512
Suggestion_2_8.py,Suggestion_4_10.py,0.149
Suggestion_2_8.py,Suggestion_4_2.py,0.1931
Suggestion_2_8.py,Suggestion_4_3.py,0.1931
Suggestion_2_8.py,Suggestion_4_4.py,0.4
Suggestion_2_8.py,Suggestion_4_5.py,0.092
Suggestion_2_8.py,Suggestion_4_6.py,0.1134
Suggestion_2_8.py,Suggestion_4_7.py,0.0325
Suggestion_2_8.py,Suggestion_4_8.py,0.0305
Suggestion_2_8.py,Suggestion_4_9.py,0.0674
Suggestion_2_8.py,Suggestion_5_1.py,0.2754
Suggestion_2_8.py,Suggestion_5_10.py,0.1201
Suggestion_2_8.py,Suggestion_5_2.py,0.4
Suggestion_2_8.py,Suggestion_5_3.py,0.1524
Suggestion_2_8.py,Suggestion_5_4.py,0.4
Suggestion_2_8.py,Suggestion_5_5.py,0.1624
Suggestion_2_8.py,Suggestion_5_6.py,0.0913
Suggestion_2_8.py,Suggestion_5_7.py,0.0888
Suggestion_2_8.py,Suggestion_5_8.py,0.1259
Suggestion_2_8.py,Suggestion_5_9.py,0.2301
Suggestion_2_8.py,Suggestion_6_1.py,0.4
Suggestion_2_8.py,Suggestion_6_2.py,0.0147
Suggestion_2_8.py,Suggestion_6_3.py,0.1714
Suggestion_2_8.py,Suggestion_6_4.py,0.1302
Suggestion_2_8.py,Suggestion_6_5.py,0.3333
Suggestion_2_8.py,Suggestion_6_6.py,0.0206
Suggestion_2_8.py,Suggestion_6_7.py,0.2286
Suggestion_2_8.py,Suggestion_6_8.py,0
Suggestion_2_8.py,Suggestion_6_9.py,0
Suggestion_2_9.py,Suggestion_3_1.py,0.1019
Suggestion_2_9.py,Suggestion_3_10.py,0
Suggestion_2_9.py,Suggestion_3_2.py,0.1064
Suggestion_2_9.py,Suggestion_3_3.py,0.0334
Suggestion_2_9.py,Suggestion_3_4.py,0.0603
Suggestion_2_9.py,Suggestion_3_5.py,0.0662
Suggestion_2_9.py,Suggestion_3_6.py,0.0586
Suggestion_2_9.py,Suggestion_3_7.py,0.1658
Suggestion_2_9.py,Suggestion_3_8.py,0.0564
Suggestion_2_9.py,Suggestion_3_9.py,0
Suggestion_2_9.py,Suggestion_4_1.py,0.2452
Suggestion_2_9.py,Suggestion_4_10.py,0.0589
Suggestion_2_9.py,Suggestion_4_2.py,0.0334
Suggestion_2_9.py,Suggestion_4_3.py,0.0334
Suggestion_2_9.py,Suggestion_4_4.py,0.0603
Suggestion_2_9.py,Suggestion_4_5.py,0.0936
Suggestion_2_9.py,Suggestion_4_6.py,0.1844
Suggestion_2_9.py,Suggestion_4_7.py,0.0331
Suggestion_2_9.py,Suggestion_4_8.py,0.0675
Suggestion_2_9.py,Suggestion_4_9.py,0.0473
Suggestion_2_9.py,Suggestion_5_1.py,0.077
Suggestion_2_9.py,Suggestion_5_10.py,0.1134
Suggestion_2_9.py,Suggestion_5_2.py,0.0603
Suggestion_2_9.py,Suggestion_5_3.py,0.0407
Suggestion_2_9.py,Suggestion_5_4.py,0.0603
Suggestion_2_9.py,Suggestion_5_5.py,0.074
Suggestion_2_9.py,Suggestion_5_6.py,0.0662
Suggestion_2_9.py,Suggestion_5_7.py,0.1912
Suggestion_2_9.py,Suggestion_5_8.py,0.0321
Suggestion_2_9.py,Suggestion_5_9.py,0.0386
Suggestion_2_9.py,Suggestion_6_1.py,0.0603
Suggestion_2_9.py,Suggestion_6_2.py,0.1601
Suggestion_2_9.py,Suggestion_6_3.py,0.0441
Suggestion_2_9.py,Suggestion_6_4.py,0.0994
Suggestion_2_9.py,Suggestion_6_5.py,0.1115
Suggestion_2_9.py,Suggestion_6_6.py,0.0568
Suggestion_2_9.py,Suggestion_6_7.py,0.057
Suggestion_2_9.py,Suggestion_6_8.py,0
Suggestion_2_9.py,Suggestion_6_9.py,0
Suggestion_3_1.py,Suggestion_3_10.py,0
Suggestion_3_1.py,Suggestion_3_2.py,0.1197
Suggestion_3_1.py,Suggestion_3_3.py,0.0578
Suggestion_3_1.py,Suggestion_3_4.py,0.1102
Suggestion_3_1.py,Suggestion_3_5.py,0.2506
Suggestion_3_1.py,Suggestion_3_6.py,0.0423
Suggestion_3_1.py,Suggestion_3_7.py,0.0506
Suggestion_3_1.py,Suggestion_3_8.py,0.0376
Suggestion_3_1.py,Suggestion_3_9.py,0
Suggestion_3_1.py,Suggestion_4_1.py,0.1402
Suggestion_3_1.py,Suggestion_4_10.py,0.0417
Suggestion_3_1.py,Suggestion_4_2.py,0.0578
Suggestion_3_1.py,Suggestion_4_3.py,0.0578
Suggestion_3_1.py,Suggestion_4_4.py,0.1102
Suggestion_3_1.py,Suggestion_4_5.py,0.0769
Suggestion_3_1.py,Suggestion_4_6.py,0.085
Suggestion_3_1.py,Suggestion_4_7.py,0.0509
Suggestion_3_1.py,Suggestion_4_8.py,0.0937
Suggestion_3_1.py,Suggestion_4_9.py,0.0626
Suggestion_3_1.py,Suggestion_5_1.py,0.1657
Suggestion_3_1.py,Suggestion_5_10.py,0.052
Suggestion_3_1.py,Suggestion_5_2.py,0.1102
Suggestion_3_1.py,Suggestion_5_3.py,0.0485
Suggestion_3_1.py,Suggestion_5_4.py,0.1102
Suggestion_3_1.py,Suggestion_5_5.py,0.1293
Suggestion_3_1.py,Suggestion_5_6.py,0.2506
Suggestion_3_1.py,Suggestion_5_7.py,0.0831
Suggestion_3_1.py,Suggestion_5_8.py,0.0554
Suggestion_3_1.py,Suggestion_5_9.py,0.0495
Suggestion_3_1.py,Suggestion_6_1.py,0.1102
Suggestion_3_1.py,Suggestion_6_2.py,0.1075
Suggestion_3_1.py,Suggestion_6_3.py,0.053
Suggestion_3_1.py,Suggestion_6_4.py,0.0556
Suggestion_3_1.py,Suggestion_6_5.py,0.1705
Suggestion_3_1.py,Suggestion_6_6.py,0.0666
Suggestion_3_1.py,Suggestion_6_7.py,0.0363
Suggestion_3_1.py,Suggestion_6_8.py,0
Suggestion_3_1.py,Suggestion_6_9.py,0
Suggestion_3_10.py,Suggestion_3_2.py,0
Suggestion_3_10.py,Suggestion_3_3.py,0
Suggestion_3_10.py,Suggestion_3_4.py,0
Suggestion_3_10.py,Suggestion_3_5.py,0
Suggestion_3_10.py,Suggestion_3_6.py,0
Suggestion_3_10.py,Suggestion_3_7.py,0
Suggestion_3_10.py,Suggestion_3_8.py,0
Suggestion_3_10.py,Suggestion_3_9.py,0
Suggestion_3_10.py,Suggestion_4_1.py,0
Suggestion_3_10.py,Suggestion_4_10.py,0
Suggestion_3_10.py,Suggestion_4_2.py,0
Suggestion_3_10.py,Suggestion_4_3.py,0
Suggestion_3_10.py,Suggestion_4_4.py,0
Suggestion_3_10.py,Suggestion_4_5.py,0
Suggestion_3_10.py,Suggestion_4_6.py,0
Suggestion_3_10.py,Suggestion_4_7.py,0
Suggestion_3_10.py,Suggestion_4_8.py,0
Suggestion_3_10.py,Suggestion_4_9.py,0
Suggestion_3_10.py,Suggestion_5_1.py,0
Suggestion_3_10.py,Suggestion_5_10.py,0
Suggestion_3_10.py,Suggestion_5_2.py,0
Suggestion_3_10.py,Suggestion_5_3.py,0
Suggestion_3_10.py,Suggestion_5_4.py,0
Suggestion_3_10.py,Suggestion_5_5.py,0
Suggestion_3_10.py,Suggestion_5_6.py,0
Suggestion_3_10.py,Suggestion_5_7.py,0
Suggestion_3_10.py,Suggestion_5_8.py,0
Suggestion_3_10.py,Suggestion_5_9.py,0
Suggestion_3_10.py,Suggestion_6_1.py,0
Suggestion_3_10.py,Suggestion_6_2.py,0
Suggestion_3_10.py,Suggestion_6_3.py,0
Suggestion_3_10.py,Suggestion_6_4.py,0
Suggestion_3_10.py,Suggestion_6_5.py,0
Suggestion_3_10.py,Suggestion_6_6.py,0
Suggestion_3_10.py,Suggestion_6_7.py,0
Suggestion_3_10.py,Suggestion_6_8.py,0
Suggestion_3_10.py,Suggestion_6_9.py,0
Suggestion_3_2.py,Suggestion_3_3.py,0.0485
Suggestion_3_2.py,Suggestion_3_4.py,0.0995
Suggestion_3_2.py,Suggestion_3_5.py,0.181
Suggestion_3_2.py,Suggestion_3_6.py,0.0557
Suggestion_3_2.py,Suggestion_3_7.py,0.0731
Suggestion_3_2.py,Suggestion_3_8.py,0.1464
Suggestion_3_2.py,Suggestion_3_9.py,0
Suggestion_3_2.py,Suggestion_4_1.py,0.097
Suggestion_3_2.py,Suggestion_4_10.py,0.066
Suggestion_3_2.py,Suggestion_4_2.py,0.0485
Suggestion_3_2.py,Suggestion_4_3.py,0.0485
Suggestion_3_2.py,Suggestion_4_4.py,0.0995
Suggestion_3_2.py,Suggestion_4_5.py,0.1898
Suggestion_3_2.py,Suggestion_4_6.py,0.0952
Suggestion_3_2.py,Suggestion_4_7.py,0.0693
Suggestion_3_2.py,Suggestion_4_8.py,0.0576
Suggestion_3_2.py,Suggestion_4_9.py,0.07
Suggestion_3_2.py,Suggestion_5_1.py,0.1229
Suggestion_3_2.py,Suggestion_5_10.py,0.0481
Suggestion_3_2.py,Suggestion_5_2.py,0.0995
Suggestion_3_2.py,Suggestion_5_3.py,0.0517
Suggestion_3_2.py,Suggestion_5_4.py,0.0995
Suggestion_3_2.py,Suggestion_5_5.py,0.1565
Suggestion_3_2.py,Suggestion_5_6.py,0.181
Suggestion_3_2.py,Suggestion_5_7.py,0.0804
Suggestion_3_2.py,Suggestion_5_8.py,0.0467
Suggestion_3_2.py,Suggestion_5_9.py,0.0116
Suggestion_3_2.py,Suggestion_6_1.py,0.0995
Suggestion_3_2.py,Suggestion_6_2.py,0.0816
Suggestion_3_2.py,Suggestion_6_3.py,0.056
Suggestion_3_2.py,Suggestion_6_4.py,0.073
Suggestion_3_2.py,Suggestion_6_5.py,0.0927
Suggestion_3_2.py,Suggestion_6_6.py,0.1699
Suggestion_3_2.py,Suggestion_6_7.py,0.029
Suggestion_3_2.py,Suggestion_6_8.py,0
Suggestion_3_2.py,Suggestion_6_9.py,0
Suggestion_3_3.py,Suggestion_3_4.py,0.4567
Suggestion_3_3.py,Suggestion_3_5.py,0.0659
Suggestion_3_3.py,Suggestion_3_6.py,0.0599
Suggestion_3_3.py,Suggestion_3_7.py,0.0251
Suggestion_3_3.py,Suggestion_3_8.py,0.0724
Suggestion_3_3.py,Suggestion_3_9.py,0
Suggestion_3_3.py,Suggestion_4_1.py,0.3663
Suggestion_3_3.py,Suggestion_4_10.py,0.2739
Suggestion_3_3.py,Suggestion_4_2.py,1
Suggestion_3_3.py,Suggestion_4_3.py,1
Suggestion_3_3.py,Suggestion_4_4.py,0.4567
Suggestion_3_3.py,Suggestion_4_5.py,0.0676
Suggestion_3_3.py,Suggestion_4_6.py,0.2444
Suggestion_3_3.py,Suggestion_4_7.py,0.0999
Suggestion_3_3.py,Suggestion_4_8.py,0.2826
Suggestion_3_3.py,Suggestion_4_9.py,0.1446
Suggestion_3_3.py,Suggestion_5_1.py,0.2106
Suggestion_3_3.py,Suggestion_5_10.py,0.0496
Suggestion_3_3.py,Suggestion_5_2.py,0.4567
Suggestion_3_3.py,Suggestion_5_3.py,0.3676
Suggestion_3_3.py,Suggestion_5_4.py,0.4567
Suggestion_3_3.py,Suggestion_5_5.py,0.1132
Suggestion_3_3.py,Suggestion_5_6.py,0.0659
Suggestion_3_3.py,Suggestion_5_7.py,0.0434
Suggestion_3_3.py,Suggestion_5_8.py,0.3905
Suggestion_3_3.py,Suggestion_5_9.py,0.1355
Suggestion_3_3.py,Suggestion_6_1.py,0.4567
Suggestion_3_3.py,Suggestion_6_2.py,0.0658
Suggestion_3_3.py,Suggestion_6_3.py,0.3799
Suggestion_3_3.py,Suggestion_6_4.py,0.1916
Suggestion_3_3.py,Suggestion_6_5.py,0.1865
Suggestion_3_3.py,Suggestion_6_6.py,0.1784
Suggestion_3_3.py,Suggestion_6_7.py,0.9191
Suggestion_3_3.py,Suggestion_6_8.py,0
Suggestion_3_3.py,Suggestion_6_9.py,0
Suggestion_3_4.py,Suggestion_3_5.py,0.127
Suggestion_3_4.py,Suggestion_3_6.py,0.0226
Suggestion_3_4.py,Suggestion_3_7.py,0.0445
Suggestion_3_4.py,Suggestion_3_8.py,0.0602
Suggestion_3_4.py,Suggestion_3_9.py,0
Suggestion_3_4.py,Suggestion_4_1.py,0.1413
Suggestion_3_4.py,Suggestion_4_10.py,0.1612
Suggestion_3_4.py,Suggestion_4_2.py,0.4567
Suggestion_3_4.py,Suggestion_4_3.py,0.4567
Suggestion_3_4.py,Suggestion_4_4.py,1
Suggestion_3_4.py,Suggestion_4_5.py,0.1283
Suggestion_3_4.py,Suggestion_4_6.py,0.0572
Suggestion_3_4.py,Suggestion_4_7.py,0.0538
Suggestion_3_4.py,Suggestion_4_8.py,0.067
Suggestion_3_4.py,Suggestion_4_9.py,0.057
Suggestion_3_4.py,Suggestion_5_1.py,0.4327
Suggestion_3_4.py,Suggestion_5_10.py,0.0926
Suggestion_3_4.py,Suggestion_5_2.py,1
Suggestion_3_4.py,Suggestion_5_3.py,0.3239
Suggestion_3_4.py,Suggestion_5_4.py,1
Suggestion_3_4.py,Suggestion_5_5.py,0.222
Suggestion_3_4.py,Suggestion_5_6.py,0.127
Suggestion_3_4.py,Suggestion_5_7.py,0.0799
Suggestion_3_4.py,Suggestion_5_8.py,0.2609
Suggestion_3_4.py,Suggestion_5_9.py,0.2662
Suggestion_3_4.py,Suggestion_6_1.py,1
Suggestion_3_4.py,Suggestion_6_2.py,0.0277
Suggestion_3_4.py,Suggestion_6_3.py,0.3825
Suggestion_3_4.py,Suggestion_6_4.py,0.1884
Suggestion_3_4.py,Suggestion_6_5.py,0.385
Suggestion_3_4.py,Suggestion_6_6.py,0.0409
Suggestion_3_4.py,Suggestion_6_7.py,0.4068
Suggestion_3_4.py,Suggestion_6_8.py,0
Suggestion_3_4.py,Suggestion_6_9.py,0
Suggestion_3_5.py,Suggestion_3_6.py,0.0433
Suggestion_3_5.py,Suggestion_3_7.py,0.0905
Suggestion_3_5.py,Suggestion_3_8.py,0.163
Suggestion_3_5.py,Suggestion_3_9.py,0
Suggestion_3_5.py,Suggestion_4_1.py,0.0591
Suggestion_3_5.py,Suggestion_4_10.py,0.1087
Suggestion_3_5.py,Suggestion_4_2.py,0.0659
Suggestion_3_5.py,Suggestion_4_3.py,0.0659
Suggestion_3_5.py,Suggestion_4_4.py,0.127
Suggestion_3_5.py,Suggestion_4_5.py,0.2155
Suggestion_3_5.py,Suggestion_4_6.py,0.0431
Suggestion_3_5.py,Suggestion_4_7.py,0.0828
Suggestion_3_5.py,Suggestion_4_8.py,0.0829
Suggestion_3_5.py,Suggestion_4_9.py,0.0799
Suggestion_3_5.py,Suggestion_5_1.py,0.0931
Suggestion_3_5.py,Suggestion_5_10.py,0.0966
Suggestion_3_5.py,Suggestion_5_2.py,0.127
Suggestion_3_5.py,Suggestion_5_3.py,0.0666
Suggestion_3_5.py,Suggestion_5_4.py,0.127
Suggestion_3_5.py,Suggestion_5_5.py,0.0914
Suggestion_3_5.py,Suggestion_5_6.py,1
Suggestion_3_5.py,Suggestion_5_7.py,0.073
Suggestion_3_5.py,Suggestion_5_8.py,0.0628
Suggestion_3_5.py,Suggestion_5_9.py,0.0267
Suggestion_3_5.py,Suggestion_6_1.py,0.127
Suggestion_3_5.py,Suggestion_6_2.py,0.0523
Suggestion_3_5.py,Suggestion_6_3.py,0.0735
Suggestion_3_5.py,Suggestion_6_4.py,0.0736
Suggestion_3_5.py,Suggestion_6_5.py,0.0584
Suggestion_3_5.py,Suggestion_6_6.py,0.0986
Suggestion_3_5.py,Suggestion_6_7.py,0.0414
Suggestion_3_5.py,Suggestion_6_8.py,0
Suggestion_3_5.py,Suggestion_6_9.py,0
Suggestion_3_6.py,Suggestion_3_7.py,0.1227
Suggestion_3_6.py,Suggestion_3_8.py,0.0638
Suggestion_3_6.py,Suggestion_3_9.py,0
Suggestion_3_6.py,Suggestion_4_1.py,0.0593
Suggestion_3_6.py,Suggestion_4_10.py,0.0271
Suggestion_3_6.py,Suggestion_4_2.py,0.0599
Suggestion_3_6.py,Suggestion_4_3.py,0.0599
Suggestion_3_6.py,Suggestion_4_4.py,0.0226
Suggestion_3_6.py,Suggestion_4_5.py,0.0729
Suggestion_3_6.py,Suggestion_4_6.py,0.1433
Suggestion_3_6.py,Suggestion_4_7.py,0.0881
Suggestion_3_6.py,Suggestion_4_8.py,0.0863
Suggestion_3_6.py,Suggestion_4_9.py,0.133
Suggestion_3_6.py,Suggestion_5_1.py,0.0343
Suggestion_3_6.py,Suggestion_5_10.py,0.0479
Suggestion_3_6.py,Suggestion_5_2.py,0.0226
Suggestion_3_6.py,Suggestion_5_3.py,0.0434
Suggestion_3_6.py,Suggestion_5_4.py,0.0226
Suggestion_3_6.py,Suggestion_5_5.py,0.0672
Suggestion_3_6.py,Suggestion_5_6.py,0.0433
Suggestion_3_6.py,Suggestion_5_7.py,0.0591
Suggestion_3_6.py,Suggestion_5_8.py,0.0341
Suggestion_3_6.py,Suggestion_5_9.py,0.0654
Suggestion_3_6.py,Suggestion_6_1.py,0.0226
Suggestion_3_6.py,Suggestion_6_2.py,0.1258
Suggestion_3_6.py,Suggestion_6_3.py,0.0606
Suggestion_3_6.py,Suggestion_6_4.py,0.0537
Suggestion_3_6.py,Suggestion_6_5.py,0.0366
Suggestion_3_6.py,Suggestion_6_6.py,0.1008
Suggestion_3_6.py,Suggestion_6_7.py,0.0438
Suggestion_3_6.py,Suggestion_6_8.py,0
Suggestion_3_6.py,Suggestion_6_9.py,0
Suggestion_3_7.py,Suggestion_3_8.py,0.0582
Suggestion_3_7.py,Suggestion_3_9.py,0
Suggestion_3_7.py,Suggestion_4_1.py,0.0338
Suggestion_3_7.py,Suggestion_4_10.py,0.0459
Suggestion_3_7.py,Suggestion_4_2.py,0.0251
Suggestion_3_7.py,Suggestion_4_3.py,0.0251
Suggestion_3_7.py,Suggestion_4_4.py,0.0445
Suggestion_3_7.py,Suggestion_4_5.py,0.0879
Suggestion_3_7.py,Suggestion_4_6.py,0.1007
Suggestion_3_7.py,Suggestion_4_7.py,0.1386
Suggestion_3_7.py,Suggestion_4_8.py,0.0684
Suggestion_3_7.py,Suggestion_4_9.py,0.0678
Suggestion_3_7.py,Suggestion_5_1.py,0.0538
Suggestion_3_7.py,Suggestion_5_10.py,0.1095
Suggestion_3_7.py,Suggestion_5_2.py,0.0445
Suggestion_3_7.py,Suggestion_5_3.py,0.0396
Suggestion_3_7.py,Suggestion_5_4.py,0.0445
Suggestion_3_7.py,Suggestion_5_5.py,0.0812
Suggestion_3_7.py,Suggestion_5_6.py,0.0905
Suggestion_3_7.py,Suggestion_5_7.py,0.1795
Suggestion_3_7.py,Suggestion_5_8.py,0.0243
Suggestion_3_7.py,Suggestion_5_9.py,0.0307
Suggestion_3_7.py,Suggestion_6_1.py,0.0445
Suggestion_3_7.py,Suggestion_6_2.py,0.1488
Suggestion_3_7.py,Suggestion_6_3.py,0.0422
Suggestion_3_7.py,Suggestion_6_4.py,0.0614
Suggestion_3_7.py,Suggestion_6_5.py,0.0831
Suggestion_3_7.py,Suggestion_6_6.py,0.0821
Suggestion_3_7.py,Suggestion_6_7.py,0.0428
Suggestion_3_7.py,Suggestion_6_8.py,0
Suggestion_3_7.py,Suggestion_6_9.py,0
Suggestion_3_8.py,Suggestion_3_9.py,0
Suggestion_3_8.py,Suggestion_4_1.py,0.0633
Suggestion_3_8.py,Suggestion_4_10.py,0.1265
Suggestion_3_8.py,Suggestion_4_2.py,0.0724
Suggestion_3_8.py,Suggestion_4_3.py,0.0724
Suggestion_3_8.py,Suggestion_4_4.py,0.0602
Suggestion_3_8.py,Suggestion_4_5.py,0.4532
Suggestion_3_8.py,Suggestion_4_6.py,0.0637
Suggestion_3_8.py,Suggestion_4_7.py,0.0591
Suggestion_3_8.py,Suggestion_4_8.py,0.0704
Suggestion_3_8.py,Suggestion_4_9.py,0.1317
Suggestion_3_8.py,Suggestion_5_1.py,0.049
Suggestion_3_8.py,Suggestion_5_10.py,0.0455
Suggestion_3_8.py,Suggestion_5_2.py,0.0602
Suggestion_3_8.py,Suggestion_5_3.py,0.1601
Suggestion_3_8.py,Suggestion_5_4.py,0.0602
Suggestion_3_8.py,Suggestion_5_5.py,0.0607
Suggestion_3_8.py,Suggestion_5_6.py,0.163
Suggestion_3_8.py,Suggestion_5_7.py,0.0451
Suggestion_3_8.py,Suggestion_5_8.py,0.2972
Suggestion_3_8.py,Suggestion_5_9.py,0.0358
Suggestion_3_8.py,Suggestion_6_1.py,0.0602
Suggestion_3_8.py,Suggestion_6_2.py,0.0614
Suggestion_3_8.py,Suggestion_6_3.py,0.1755
Suggestion_3_8.py,Suggestion_6_4.py,0.2971
Suggestion_3_8.py,Suggestion_6_5.py,0.0314
Suggestion_3_8.py,Suggestion_6_6.py,0.0852
Suggestion_3_8.py,Suggestion_6_7.py,0.0499
Suggestion_3_8.py,Suggestion_6_8.py,0
Suggestion_3_8.py,Suggestion_6_9.py,0
Suggestion_3_9.py,comparison_results.csv,0
Suggestion_3_9.py,Suggestion_1_1.py,0
Suggestion_3_9.py,Suggestion_1_10.py,0
Suggestion_3_9.py,Suggestion_1_2.py,0
Suggestion_3_9.py,Suggestion_1_3.py,0
Suggestion_3_9.py,Suggestion_1_4.py,0
Suggestion_3_9.py,Suggestion_1_5.py,0
Suggestion_3_9.py,Suggestion_1_6.py,0
Suggestion_3_9.py,Suggestion_1_7.py,0
Suggestion_3_9.py,Suggestion_1_8.py,0
Suggestion_3_9.py,Suggestion_1_9.py,0
Suggestion_3_9.py,Suggestion_2_1.py,0
Suggestion_3_9.py,Suggestion_2_10.py,0
Suggestion_3_9.py,Suggestion_2_2.py,0
Suggestion_3_9.py,Suggestion_2_3.py,0
Suggestion_3_9.py,Suggestion_2_4.py,0
Suggestion_3_9.py,Suggestion_2_5.py,0
Suggestion_3_9.py,Suggestion_2_6.py,0
Suggestion_3_9.py,Suggestion_2_7.py,0
Suggestion_3_9.py,Suggestion_2_8.py,0
Suggestion_3_9.py,Suggestion_2_9.py,0
Suggestion_3_9.py,Suggestion_3_1.py,0
Suggestion_3_9.py,Suggestion_3_10.py,0
Suggestion_3_9.py,Suggestion_3_2.py,0
Suggestion_3_9.py,Suggestion_3_3.py,0
Suggestion_3_9.py,Suggestion_3_4.py,0
Suggestion_3_9.py,Suggestion_3_5.py,0
Suggestion_3_9.py,Suggestion_3_6.py,0
Suggestion_3_9.py,Suggestion_3_7.py,0
Suggestion_3_9.py,Suggestion_3_8.py,0
Suggestion_3_9.py,Suggestion_4_1.py,0
Suggestion_3_9.py,Suggestion_4_10.py,0
Suggestion_3_9.py,Suggestion_4_2.py,0
Suggestion_3_9.py,Suggestion_4_3.py,0
Suggestion_3_9.py,Suggestion_4_4.py,0
Suggestion_3_9.py,Suggestion_4_5.py,0
Suggestion_3_9.py,Suggestion_4_6.py,0
Suggestion_3_9.py,Suggestion_4_7.py,0
Suggestion_3_9.py,Suggestion_4_8.py,0
Suggestion_3_9.py,Suggestion_4_9.py,0
Suggestion_3_9.py,Suggestion_5_1.py,0
Suggestion_3_9.py,Suggestion_5_10.py,0
Suggestion_3_9.py,Suggestion_5_2.py,0
Suggestion_3_9.py,Suggestion_5_3.py,0
Suggestion_3_9.py,Suggestion_5_4.py,0
Suggestion_3_9.py,Suggestion_5_5.py,0
Suggestion_3_9.py,Suggestion_5_6.py,0
Suggestion_3_9.py,Suggestion_5_7.py,0
Suggestion_3_9.py,Suggestion_5_8.py,0
Suggestion_3_9.py,Suggestion_5_9.py,0
Suggestion_3_9.py,Suggestion_6_1.py,0
Suggestion_3_9.py,Suggestion_6_2.py,0
Suggestion_3_9.py,Suggestion_6_3.py,0
Suggestion_3_9.py,Suggestion_6_4.py,0
Suggestion_3_9.py,Suggestion_6_5.py,0
Suggestion_3_9.py,Suggestion_6_6.py,0
Suggestion_3_9.py,Suggestion_6_7.py,0
Suggestion_3_9.py,Suggestion_6_8.py,0
Suggestion_3_9.py,Suggestion_6_9.py,0
Suggestion_4_1.py,Suggestion_4_10.py,0.1456
Suggestion_4_1.py,Suggestion_4_2.py,0.3663
Suggestion_4_1.py,Suggestion_4_3.py,0.3663
Suggestion_4_1.py,Suggestion_4_4.py,0.1413
Suggestion_4_1.py,Suggestion_4_5.py,0.06
Suggestion_4_1.py,Suggestion_4_6.py,0.2641
Suggestion_4_1.py,Suggestion_4_7.py,0.1452
Suggestion_4_1.py,Suggestion_4_8.py,0.1876
Suggestion_4_1.py,Suggestion_4_9.py,0.0938
Suggestion_4_1.py,Suggestion_5_1.py,0.306
Suggestion_4_1.py,Suggestion_5_10.py,0.0263
Suggestion_4_1.py,Suggestion_5_2.py,0.1413
Suggestion_4_1.py,Suggestion_5_3.py,0.1542
Suggestion_4_1.py,Suggestion_5_4.py,0.1413
Suggestion_4_1.py,Suggestion_5_5.py,0.1424
Suggestion_4_1.py,Suggestion_5_6.py,0.0591
Suggestion_4_1.py,Suggestion_5_7.py,0.055
Suggestion_4_1.py,Suggestion_5_8.py,0.1695
Suggestion_4_1.py,Suggestion_5_9.py,0.0778
Suggestion_4_1.py,Suggestion_6_1.py,0.1413
Suggestion_4_1.py,Suggestion_6_2.py,0.1086
Suggestion_4_1.py,Suggestion_6_3.py,0.1435
Suggestion_4_1.py,Suggestion_6_4.py,0.1231
Suggestion_4_1.py,Suggestion_6_5.py,0.2875
Suggestion_4_1.py,Suggestion_6_6.py,0.1388
Suggestion_4_1.py,Suggestion_6_7.py,0.3324
Suggestion_4_1.py,Suggestion_6_8.py,0
Suggestion_4_1.py,Suggestion_6_9.py,0
Suggestion_4_10.py,Suggestion_4_2.py,0.2739
Suggestion_4_10.py,Suggestion_4_3.py,0.2739
Suggestion_4_10.py,Suggestion_4_4.py,0.1612
Suggestion_4_10.py,Suggestion_4_5.py,0.0853
Suggestion_4_10.py,Suggestion_4_6.py,0.1053
Suggestion_4_10.py,Suggestion_4_7.py,0.0521
Suggestion_4_10.py,Suggestion_4_8.py,0.1188
Suggestion_4_10.py,Suggestion_4_9.py,0.1227
Suggestion_4_10.py,Suggestion_5_1.py,0.1006
Suggestion_4_10.py,Suggestion_5_10.py,0.0675
Suggestion_4_10.py,Suggestion_5_2.py,0.1612
Suggestion_4_10.py,Suggestion_5_3.py,0.3239
Suggestion_4_10.py,Suggestion_5_4.py,0.1612
Suggestion_4_10.py,Suggestion_5_5.py,0.068
Suggestion_4_10.py,Suggestion_5_6.py,0.1087
Suggestion_4_10.py,Suggestion_5_7.py,0.0505
Suggestion_4_10.py,Suggestion_5_8.py,0.4414
Suggestion_4_10.py,Suggestion_5_9.py,0.1273
Suggestion_4_10.py,Suggestion_6_1.py,0.1612
Suggestion_4_10.py,Suggestion_6_2.py,0.0361
Suggestion_4_10.py,Suggestion_6_3.py,0.3118
Suggestion_4_10.py,Suggestion_6_4.py,0.2491
Suggestion_4_10.py,Suggestion_6_5.py,0.1308
Suggestion_4_10.py,Suggestion_6_6.py,0.0889
Suggestion_4_10.py,Suggestion_6_7.py,0.3082
Suggestion_4_10.py,Suggestion_6_8.py,0
Suggestion_4_10.py,Suggestion_6_9.py,0
Suggestion_4_2.py,Suggestion_4_3.py,1
Suggestion_4_2.py,Suggestion_4_4.py,0.4567
Suggestion_4_2.py,Suggestion_4_5.py,0.0676
Suggestion_4_2.py,Suggestion_4_6.py,0.2444
Suggestion_4_2.py,Suggestion_4_7.py,0.0999
Suggestion_4_2.py,Suggestion_4_8.py,0.2826
Suggestion_4_2.py,Suggestion_4_9.py,0.1446
Suggestion_4_2.py,Suggestion_5_1.py,0.2106
Suggestion_4_2.py,Suggestion_5_10.py,0.0496
Suggestion_4_2.py,Suggestion_5_2.py,0.4567
Suggestion_4_2.py,Suggestion_5_3.py,0.3676
Suggestion_4_2.py,Suggestion_5_4.py,0.4567
Suggestion_4_2.py,Suggestion_5_5.py,0.1132
Suggestion_4_2.py,Suggestion_5_6.py,0.0659
Suggestion_4_2.py,Suggestion_5_7.py,0.0434
Suggestion_4_2.py,Suggestion_5_8.py,0.3905
Suggestion_4_2.py,Suggestion_5_9.py,0.1355
Suggestion_4_2.py,Suggestion_6_1.py,0.4567
Suggestion_4_2.py,Suggestion_6_2.py,0.0658
Suggestion_4_2.py,Suggestion_6_3.py,0.3799
Suggestion_4_2.py,Suggestion_6_4.py,0.1916
Suggestion_4_2.py,Suggestion_6_5.py,0.1865
Suggestion_4_2.py,Suggestion_6_6.py,0.1784
Suggestion_4_2.py,Suggestion_6_7.py,0.9191
Suggestion_4_2.py,Suggestion_6_8.py,0
Suggestion_4_2.py,Suggestion_6_9.py,0
Suggestion_4_3.py,Suggestion_4_4.py,0.4567
Suggestion_4_3.py,Suggestion_4_5.py,0.0676
Suggestion_4_3.py,Suggestion_4_6.py,0.2444
Suggestion_4_3.py,Suggestion_4_7.py,0.0999
Suggestion_4_3.py,Suggestion_4_8.py,0.2826
Suggestion_4_3.py,Suggestion_4_9.py,0.1446
Suggestion_4_3.py,Suggestion_5_1.py,0.2106
Suggestion_4_3.py,Suggestion_5_10.py,0.0496
Suggestion_4_3.py,Suggestion_5_2.py,0.4567
Suggestion_4_3.py,Suggestion_5_3.py,0.3676
Suggestion_4_3.py,Suggestion_5_4.py,0.4567
Suggestion_4_3.py,Suggestion_5_5.py,0.1132
Suggestion_4_3.py,Suggestion_5_6.py,0.0659
Suggestion_4_3.py,Suggestion_5_7.py,0.0434
Suggestion_4_3.py,Suggestion_5_8.py,0.3905
Suggestion_4_3.py,Suggestion_5_9.py,0.1355
Suggestion_4_3.py,Suggestion_6_1.py,0.4567
Suggestion_4_3.py,Suggestion_6_2.py,0.0658
Suggestion_4_3.py,Suggestion_6_3.py,0.3799
Suggestion_4_3.py,Suggestion_6_4.py,0.1916
Suggestion_4_3.py,Suggestion_6_5.py,0.1865
Suggestion_4_3.py,Suggestion_6_6.py,0.1784
Suggestion_4_3.py,Suggestion_6_7.py,0.9191
Suggestion_4_3.py,Suggestion_6_8.py,0
Suggestion_4_3.py,Suggestion_6_9.py,0
Suggestion_4_4.py,Suggestion_4_5.py,0.1283
Suggestion_4_4.py,Suggestion_4_6.py,0.0572
Suggestion_4_4.py,Suggestion_4_7.py,0.0538
Suggestion_4_4.py,Suggestion_4_8.py,0.067
Suggestion_4_4.py,Suggestion_4_9.py,0.057
Suggestion_4_4.py,Suggestion_5_1.py,0.4327
Suggestion_4_4.py,Suggestion_5_10.py,0.0926
Suggestion_4_4.py,Suggestion_5_2.py,1
Suggestion_4_4.py,Suggestion_5_3.py,0.3239
Suggestion_4_4.py,Suggestion_5_4.py,1
Suggestion_4_4.py,Suggestion_5_5.py,0.222
Suggestion_4_4.py,Suggestion_5_6.py,0.127
Suggestion_4_4.py,Suggestion_5_7.py,0.0799
Suggestion_4_4.py,Suggestion_5_8.py,0.2609
Suggestion_4_4.py,Suggestion_5_9.py,0.2662
Suggestion_4_4.py,Suggestion_6_1.py,1
Suggestion_4_4.py,Suggestion_6_2.py,0.0277
Suggestion_4_4.py,Suggestion_6_3.py,0.3825
Suggestion_4_4.py,Suggestion_6_4.py,0.1884
Suggestion_4_4.py,Suggestion_6_5.py,0.385
Suggestion_4_4.py,Suggestion_6_6.py,0.0409
Suggestion_4_4.py,Suggestion_6_7.py,0.4068
Suggestion_4_4.py,Suggestion_6_8.py,0
Suggestion_4_4.py,Suggestion_6_9.py,0
Suggestion_4_5.py,Suggestion_4_6.py,0.056
Suggestion_4_5.py,Suggestion_4_7.py,0.0621
Suggestion_4_5.py,Suggestion_4_8.py,0.0623
Suggestion_4_5.py,Suggestion_4_9.py,0.1575
Suggestion_4_5.py,Suggestion_5_1.py,0.0979
Suggestion_4_5.py,Suggestion_5_10.py,0.0944
Suggestion_4_5.py,Suggestion_5_2.py,0.1283
Suggestion_4_5.py,Suggestion_5_3.py,0.083
Suggestion_4_5.py,Suggestion_5_4.py,0.1283
Suggestion_4_5.py,Suggestion_5_5.py,0.0918
Suggestion_4_5.py,Suggestion_5_6.py,0.2155
Suggestion_4_5.py,Suggestion_5_7.py,0.0896
Suggestion_4_5.py,Suggestion_5_8.py,0.0643
Suggestion_4_5.py,Suggestion_5_9.py,0.0871
Suggestion_4_5.py,Suggestion_6_1.py,0.1283
Suggestion_4_5.py,Suggestion_6_2.py,0.0569
Suggestion_4_5.py,Suggestion_6_3.py,0.0918
Suggestion_4_5.py,Suggestion_6_4.py,0.0934
Suggestion_4_5.py,Suggestion_6_5.py,0.063
Suggestion_4_5.py,Suggestion_6_6.py,0.0803
Suggestion_4_5.py,Suggestion_6_7.py,0.0427
Suggestion_4_5.py,Suggestion_6_8.py,0
Suggestion_4_5.py,Suggestion_6_9.py,0
Suggestion_4_6.py,Suggestion_4_7.py,0.0773
Suggestion_4_6.py,Suggestion_4_8.py,0.2417
Suggestion_4_6.py,Suggestion_4_9.py,0.0799
Suggestion_4_6.py,Suggestion_5_1.py,0.0726
Suggestion_4_6.py,Suggestion_5_10.py,0.0438
Suggestion_4_6.py,Suggestion_5_2.py,0.0572
Suggestion_4_6.py,Suggestion_5_3.py,0.1086
Suggestion_4_6.py,Suggestion_5_4.py,0.0572
Suggestion_4_6.py,Suggestion_5_5.py,0.0722
Suggestion_4_6.py,Suggestion_5_6.py,0.0431
Suggestion_4_6.py,Suggestion_5_7.py,0.1143
Suggestion_4_6.py,Suggestion_5_8.py,0.1459
Suggestion_4_6.py,Suggestion_5_9.py,0.0252
Suggestion_4_6.py,Suggestion_6_1.py,0.0572
Suggestion_4_6.py,Suggestion_6_2.py,0.1843
Suggestion_4_6.py,Suggestion_6_3.py,0.0918
Suggestion_4_6.py,Suggestion_6_4.py,0.1153
Suggestion_4_6.py,Suggestion_6_5.py,0.0541
Suggestion_4_6.py,Suggestion_6_6.py,0.1908
Suggestion_4_6.py,Suggestion_6_7.py,0.2044
Suggestion_4_6.py,Suggestion_6_8.py,0
Suggestion_4_6.py,Suggestion_6_9.py,0
Suggestion_4_7.py,Suggestion_4_8.py,0.0956
Suggestion_4_7.py,Suggestion_4_9.py,0.1076
Suggestion_4_7.py,Suggestion_5_1.py,0.1029
Suggestion_4_7.py,Suggestion_5_10.py,0.0337
Suggestion_4_7.py,Suggestion_5_2.py,0.0538
Suggestion_4_7.py,Suggestion_5_3.py,0.056
Suggestion_4_7.py,Suggestion_5_4.py,0.0538
Suggestion_4_7.py,Suggestion_5_5.py,0.1603
Suggestion_4_7.py,Suggestion_5_6.py,0.0828
Suggestion_4_7.py,Suggestion_5_7.py,0.0479
Suggestion_4_7.py,Suggestion_5_8.py,0.0526
Suggestion_4_7.py,Suggestion_5_9.py,0.0212
Suggestion_4_7.py,Suggestion_6_1.py,0.0538
Suggestion_4_7.py,Suggestion_6_2.py,0.0799
Suggestion_4_7.py,Suggestion_6_3.py,0.0711
Suggestion_4_7.py,Suggestion_6_4.py,0.0531
Suggestion_4_7.py,Suggestion_6_5.py,0.0911
Suggestion_4_7.py,Suggestion_6_6.py,0.0929
Suggestion_4_7.py,Suggestion_6_7.py,0.0728
Suggestion_4_7.py,Suggestion_6_8.py,0
Suggestion_4_7.py,Suggestion_6_9.py,0
Suggestion_4_8.py,Suggestion_4_9.py,0.0897
Suggestion_4_8.py,Suggestion_5_1.py,0.0775
Suggestion_4_8.py,Suggestion_5_10.py,0.1261
Suggestion_4_8.py,Suggestion_5_2.py,0.067
Suggestion_4_8.py,Suggestion_5_3.py,0.1225
Suggestion_4_8.py,Suggestion_5_4.py,0.067
Suggestion_4_8.py,Suggestion_5_5.py,0.0587
Suggestion_4_8.py,Suggestion_5_6.py,0.0829
Suggestion_4_8.py,Suggestion_5_7.py,0.0896
Suggestion_4_8.py,Suggestion_5_8.py,0.1676
Suggestion_4_8.py,Suggestion_5_9.py,0.0329
Suggestion_4_8.py,Suggestion_6_1.py,0.067
Suggestion_4_8.py,Suggestion_6_2.py,0.1134
Suggestion_4_8.py,Suggestion_6_3.py,0.1048
Suggestion_4_8.py,Suggestion_6_4.py,0.0958
Suggestion_4_8.py,Suggestion_6_5.py,0.0796
Suggestion_4_8.py,Suggestion_6_6.py,0.2863
Suggestion_4_8.py,Suggestion_6_7.py,0.2363
Suggestion_4_8.py,Suggestion_6_8.py,0
Suggestion_4_8.py,Suggestion_6_9.py,0
Suggestion_4_9.py,Suggestion_5_1.py,0.0524
Suggestion_4_9.py,Suggestion_5_10.py,0.0524
Suggestion_4_9.py,Suggestion_5_2.py,0.057
Suggestion_4_9.py,Suggestion_5_3.py,0.0771
Suggestion_4_9.py,Suggestion_5_4.py,0.057
Suggestion_4_9.py,Suggestion_5_5.py,0.085
Suggestion_4_9.py,Suggestion_5_6.py,0.0799
Suggestion_4_9.py,Suggestion_5_7.py,0.0484
Suggestion_4_9.py,Suggestion_5_8.py,0.0752
Suggestion_4_9.py,Suggestion_5_9.py,0.1191
Suggestion_4_9.py,Suggestion_6_1.py,0.057
Suggestion_4_9.py,Suggestion_6_2.py,0.0771
Suggestion_4_9.py,Suggestion_6_3.py,0.1197
Suggestion_4_9.py,Suggestion_6_4.py,0.0644
Suggestion_4_9.py,Suggestion_6_5.py,0.0971
Suggestion_4_9.py,Suggestion_6_6.py,0.1096
Suggestion_4_9.py,Suggestion_6_7.py,0.1922
Suggestion_4_9.py,Suggestion_6_8.py,0
Suggestion_4_9.py,Suggestion_6_9.py,0
Suggestion_5_1.py,Suggestion_5_10.py,0.0648
Suggestion_5_1.py,Suggestion_5_2.py,0.4327
Suggestion_5_1.py,Suggestion_5_3.py,0.1682
Suggestion_5_1.py,Suggestion_5_4.py,0.4327
Suggestion_5_1.py,Suggestion_5_5.py,0.2954
Suggestion_5_1.py,Suggestion_5_6.py,0.0931
Suggestion_5_1.py,Suggestion_5_7.py,0.1055
Suggestion_5_1.py,Suggestion_5_8.py,0.146
Suggestion_5_1.py,Suggestion_5_9.py,0.1962
Suggestion_5_1.py,Suggestion_6_1.py,0.4327
Suggestion_5_1.py,Suggestion_6_2.py,0.0611
Suggestion_5_1.py,Suggestion_6_3.py,0.1881
Suggestion_5_1.py,Suggestion_6_4.py,0.1328
Suggestion_5_1.py,Suggestion_6_5.py,0.7111
Suggestion_5_1.py,Suggestion_6_6.py,0.0432
Suggestion_5_1.py,Suggestion_6_7.py,0.1813
Suggestion_5_1.py,Suggestion_6_8.py,0
Suggestion_5_1.py,Suggestion_6_9.py,0
Suggestion_5_10.py,Suggestion_5_2.py,0.0926
Suggestion_5_10.py,Suggestion_5_3.py,0.0565
Suggestion_5_10.py,Suggestion_5_4.py,0.0926
Suggestion_5_10.py,Suggestion_5_5.py,0.0388
Suggestion_5_10.py,Suggestion_5_6.py,0.0966
Suggestion_5_10.py,Suggestion_5_7.py,0.1451
Suggestion_5_10.py,Suggestion_5_8.py,0.0468
Suggestion_5_10.py,Suggestion_5_9.py,0.0406
Suggestion_5_10.py,Suggestion_6_1.py,0.0926
Suggestion_5_10.py,Suggestion_6_2.py,0.0301
Suggestion_5_10.py,Suggestion_6_3.py,0.0632
Suggestion_5_10.py,Suggestion_6_4.py,0.0537
Suggestion_5_10.py,Suggestion_6_5.py,0.117
Suggestion_5_10.py,Suggestion_6_6.py,0.0859
Suggestion_5_10.py,Suggestion_6_7.py,0.0845
Suggestion_5_10.py,Suggestion_6_8.py,0
Suggestion_5_10.py,Suggestion_6_9.py,0
Suggestion_5_2.py,Suggestion_5_3.py,0.3239
Suggestion_5_2.py,Suggestion_5_4.py,1
Suggestion_5_2.py,Suggestion_5_5.py,0.222
Suggestion_5_2.py,Suggestion_5_6.py,0.127
Suggestion_5_2.py,Suggestion_5_7.py,0.0799
Suggestion_5_2.py,Suggestion_5_8.py,0.2609
Suggestion_5_2.py,Suggestion_5_9.py,0.2662
Suggestion_5_2.py,Suggestion_6_1.py,1
Suggestion_5_2.py,Suggestion_6_2.py,0.0277
Suggestion_5_2.py,Suggestion_6_3.py,0.3825
Suggestion_5_2.py,Suggestion_6_4.py,0.1884
Suggestion_5_2.py,Suggestion_6_5.py,0.385
Suggestion_5_2.py,Suggestion_6_6.py,0.0409
Suggestion_5_2.py,Suggestion_6_7.py,0.4068
Suggestion_5_2.py,Suggestion_6_8.py,0
Suggestion_5_2.py,Suggestion_6_9.py,0
Suggestion_5_3.py,Suggestion_5_4.py,0.3239
Suggestion_5_3.py,Suggestion_5_5.py,0.108
Suggestion_5_3.py,Suggestion_5_6.py,0.0666
Suggestion_5_3.py,Suggestion_5_7.py,0.0507
Suggestion_5_3.py,Suggestion_5_8.py,0.4455
Suggestion_5_3.py,Suggestion_5_9.py,0.126
Suggestion_5_3.py,Suggestion_6_1.py,0.3239
Suggestion_5_3.py,Suggestion_6_2.py,0.0495
Suggestion_5_3.py,Suggestion_6_3.py,0.8078
Suggestion_5_3.py,Suggestion_6_4.py,0.3268
Suggestion_5_3.py,Suggestion_6_5.py,0.1483
Suggestion_5_3.py,Suggestion_6_6.py,0.0913
Suggestion_5_3.py,Suggestion_6_7.py,0.3362
Suggestion_5_3.py,Suggestion_6_8.py,0
Suggestion_5_3.py,Suggestion_6_9.py,0
Suggestion_5_4.py,Suggestion_5_5.py,0.222
Suggestion_5_4.py,Suggestion_5_6.py,0.127
Suggestion_5_4.py,Suggestion_5_7.py,0.0799
Suggestion_5_4.py,Suggestion_5_8.py,0.2609
Suggestion_5_4.py,Suggestion_5_9.py,0.2662
Suggestion_5_4.py,Suggestion_6_1.py,1
Suggestion_5_4.py,Suggestion_6_2.py,0.0277
Suggestion_5_4.py,Suggestion_6_3.py,0.3825
Suggestion_5_4.py,Suggestion_6_4.py,0.1884
Suggestion_5_4.py,Suggestion_6_5.py,0.385
Suggestion_5_4.py,Suggestion_6_6.py,0.0409
Suggestion_5_4.py,Suggestion_6_7.py,0.4068
Suggestion_5_4.py,Suggestion_6_8.py,0
Suggestion_5_4.py,Suggestion_6_9.py,0
Suggestion_5_5.py,Suggestion_5_6.py,0.0914
Suggestion_5_5.py,Suggestion_5_7.py,0.053
Suggestion_5_5.py,Suggestion_5_8.py,0.0805
Suggestion_5_5.py,Suggestion_5_9.py,0.1377
Suggestion_5_5.py,Suggestion_6_1.py,0.222
Suggestion_5_5.py,Suggestion_6_2.py,0.1121
Suggestion_5_5.py,Suggestion_6_3.py,0.1153
Suggestion_5_5.py,Suggestion_6_4.py,0.0804
Suggestion_5_5.py,Suggestion_6_5.py,0.288
Suggestion_5_5.py,Suggestion_6_6.py,0.1126
Suggestion_5_5.py,Suggestion_6_7.py,0.0978
Suggestion_5_5.py,Suggestion_6_8.py,0
Suggestion_5_5.py,Suggestion_6_9.py,0
Suggestion_5_6.py,Suggestion_5_7.py,0.073
Suggestion_5_6.py,Suggestion_5_8.py,0.0628
Suggestion_5_6.py,Suggestion_5_9.py,0.0267
Suggestion_5_6.py,Suggestion_6_1.py,0.127
Suggestion_5_6.py,Suggestion_6_2.py,0.0523
Suggestion_5_6.py,Suggestion_6_3.py,0.0735
Suggestion_5_6.py,Suggestion_6_4.py,0.0736
Suggestion_5_6.py,Suggestion_6_5.py,0.0584
Suggestion_5_6.py,Suggestion_6_6.py,0.0986
Suggestion_5_6.py,Suggestion_6_7.py,0.0414
Suggestion_5_6.py,Suggestion_6_8.py,0
Suggestion_5_6.py,Suggestion_6_9.py,0
Suggestion_5_7.py,Suggestion_5_8.py,0.0412
Suggestion_5_7.py,Suggestion_5_9.py,0.047
Suggestion_5_7.py,Suggestion_6_1.py,0.0799
Suggestion_5_7.py,Suggestion_6_2.py,0.0816
Suggestion_5_7.py,Suggestion_6_3.py,0.056
Suggestion_5_7.py,Suggestion_6_4.py,0.0964
Suggestion_5_7.py,Suggestion_6_5.py,0.1347
Suggestion_5_7.py,Suggestion_6_6.py,0.106
Suggestion_5_7.py,Suggestion_6_7.py,0.0616
Suggestion_5_7.py,Suggestion_6_8.py,0
Suggestion_5_7.py,Suggestion_6_9.py,0
Suggestion_5_8.py,Suggestion_5_9.py,0.0817
Suggestion_5_8.py,Suggestion_6_1.py,0.2609
Suggestion_5_8.py,Suggestion_6_2.py,0.0365
Suggestion_5_8.py,Suggestion_6_3.py,0.4488
Suggestion_5_8.py,Suggestion_6_4.py,0.5992
Suggestion_5_8.py,Suggestion_6_5.py,0.1219
Suggestion_5_8.py,Suggestion_6_6.py,0.1077
Suggestion_5_8.py,Suggestion_6_7.py,0.351
Suggestion_5_8.py,Suggestion_6_8.py,0
Suggestion_5_8.py,Suggestion_6_9.py,0
Suggestion_5_9.py,Suggestion_6_1.py,0.2662
Suggestion_5_9.py,Suggestion_6_2.py,0.0249
Suggestion_5_9.py,Suggestion_6_3.py,0.1394
Suggestion_5_9.py,Suggestion_6_4.py,0.0844
Suggestion_5_9.py,Suggestion_6_5.py,0.2518
Suggestion_5_9.py,Suggestion_6_6.py,0.0335
Suggestion_5_9.py,Suggestion_6_7.py,0.1532
Suggestion_5_9.py,Suggestion_6_8.py,0
Suggestion_5_9.py,Suggestion_6_9.py,0
Suggestion_6_1.py,Suggestion_6_2.py,0.0277
Suggestion_6_1.py,Suggestion_6_3.py,0.3825
Suggestion_6_1.py,Suggestion_6_4.py,0.1884
Suggestion_6_1.py,Suggestion_6_5.py,0.385
Suggestion_6_1.py,Suggestion_6_6.py,0.0409
Suggestion_6_1.py,Suggestion_6_7.py,0.4068
Suggestion_6_1.py,Suggestion_6_8.py,0
Suggestion_6_1.py,Suggestion_6_9.py,0
Suggestion_6_2.py,Suggestion_6_3.py,0.0519
Suggestion_6_2.py,Suggestion_6_4.py,0.0641
Suggestion_6_2.py,Suggestion_6_5.py,0.0559
Suggestion_6_2.py,Suggestion_6_6.py,0.1245
Suggestion_6_2.py,Suggestion_6_7.py,0.0461
Suggestion_6_2.py,Suggestion_6_8.py,0
Suggestion_6_2.py,Suggestion_6_9.py,0
Suggestion_6_3.py,Suggestion_6_2.py,0.0519
Suggestion_6_3.py,Suggestion_6_4.py,0.3648
Suggestion_6_3.py,Suggestion_6_5.py,0.1663
Suggestion_6_3.py,Suggestion_6_6.py,0.0776
Suggestion_6_3.py,Suggestion_6_7.py,0.3434
Suggestion_6_3.py,Suggestion_6_8.py,0
Suggestion_6_3.py,Suggestion_6_9.py,0
Suggestion_6_4.py,Suggestion_6_5.py,0.1134
Suggestion_6_4.py,Suggestion_6_6.py,0.0589
Suggestion_6_4.py,Suggestion_6_7.py,0.1632
Suggestion_6_4.py,Suggestion_6_8.py,0
Suggestion_6_4.py,Suggestion_6_9.py,0
Suggestion_6_5.py,Suggestion_6_6.py,0.047
Suggestion_6_5.py,Suggestion_6_7.py,0.221
Suggestion_6_5.py,Suggestion_6_8.py,0
Suggestion_6_5.py,Suggestion_6_9.py,0
Suggestion_6_6.py,Suggestion_6_7.py,0.1494
Suggestion_6_6.py,Suggestion_6_8.py,0
Suggestion_6_6.py,Suggestion_6_9.py,0
Suggestion_6_7.py,Suggestion_6_8.py,0
Suggestion_6_7.py,Suggestion_6_9.py,0
Suggestion_6_8.py,Suggestion_6_9.py,0